AA, KABAT, JORES, SCHNEIDER, SHENKIN, GERSTEIN, TAYLOR_GAPS, TAYLOR_NO_GAPS, VELIBIL, KARLIN, ARMON, THOMPSON, NOT_LANCET, MIRNY, WILLIAMSON, LANDGRAF, SANDER, VALDAR, SMERFS
M1,0.9974,1.0,0.9486,0.9842,0.9486,0.0,0.0,0.1,0.7925,0.944,0.633,0.5762,0.9193,0.3062,0.7817,0.5133,0.7725,0.7809
E2,0.8837,0.9999,0.5358,0.7708,0.5359,0.0,0.6842,0.0,0.3923,0.6879,0.394,0.3822,0.3354,0.2184,0.4529,0.3625,0.5761,0.8212
E3,0.924,1.0,0.6389,0.8424,0.6388,0.0,0.8421,0.1,0.5749,0.802,0.5355,0.4591,0.5416,0.3054,0.6224,0.4081,0.6812,0.7997
P4,0.7137,0.9998,0.4145,0.6636,0.4146,0.0,0.6316,0.0,0.2624,0.4795,0.2569,0.3467,0.2749,0.1867,0.3372,0.3541,0.5194,0.8171
Q5,0.7647,0.9997,0.409,0.6579,0.4089,0.0,0.0,0.0,0.2974,0.2596,0.2792,0.3606,0.4566,0.2122,0.3608,0.3448,0.5436,0.8592
S6,0.8497,0.9999,0.495,0.7376,0.495,0.0,0.0,0.0,0.3875,0.5196,0.4013,0.3637,0.5031,0.1777,0.3511,0.3186,0.553,0.8541
D7,0.8072,0.9998,0.4395,0.6879,0.4394,0.0,0.7368,0.0,0.2725,0.5715,0.2962,0.3375,0.4487,0.2846,0.4057,0.3314,0.5315,0.85
P8,0.7137,0.9996,0.3613,0.6071,0.3613,0.0,0.0,0.0,0.0559,0.3766,0.1215,0.2309,0.2628,0.1886,0.0967,0.2804,0.4348,0.85
S9,0.7647,0.9997,0.4415,0.6897,0.4414,0.0,0.6316,0.0,0.2698,0.4557,0.3159,0.2633,0.4318,0.2722,0.1593,0.2501,0.4394,0.8325
V10,0.7364,0.9996,0.3804,0.6282,0.3805,0.0,0.0,0.0,0.2923,0.5303,0.3533,0.2883,0.5147,0.2933,0.372,0.3161,0.5009,0.8147
E11,0.9559,1.0,0.7991,0.9272,0.7991,0.0,1.0,0.3,0.4207,0.8796,0.4072,0.2795,0.7933,0.5212,0.3543,0.2342,0.5248,0.7839
P12,0.9412,1.0,0.6994,0.8779,0.6994,0.0,0.0,0.0,0.2316,0.8628,0.3736,0.2541,0.528,0.4555,0.3553,0.2081,0.4243,0.7539
P13,0.9877,1.0,0.8585,0.952,0.8585,0.0,0.8421,0.2,0.4091,0.944,0.4904,0.3382,0.7777,0.563,0.5245,0.2435,0.4817,0.7774
L14,0.9928,1.0,0.8914,0.9645,0.8914,0.0,0.0,0.2,0.5562,0.944,0.483,0.3367,0.8295,0.4096,0.5129,0.347,0.5741,0.7762
S15,0.9659,1.0,0.8321,0.9414,0.832,0.0,0.9474,0.2,0.5562,0.8801,0.4188,0.3555,0.7363,0.3811,0.3455,0.2726,0.5935,0.7804
Q16,0.8697,0.9999,0.5723,0.7979,0.5723,0.0,0.6316,0.0,0.402,0.5985,0.3323,0.4066,0.6152,0.2899,0.445,0.3677,0.6328,0.7575
E17,0.9468,1.0,0.7996,0.9274,0.7996,0.0,0.7895,0.1,0.6608,0.7874,0.5673,0.485,0.7249,0.3312,0.665,0.4152,0.7229,0.7461
T18,0.963,1.0,0.743,0.9008,0.743,0.0,0.0,0.2,0.5215,0.8747,0.437,0.4096,0.5964,0.2784,0.4417,0.3378,0.6235,0.8233
F19,0.9974,1.0,0.9486,0.9842,0.9486,0.0,0.0,0.2,0.7925,0.944,0.6543,0.6174,0.9193,0.4759,0.8278,0.6233,0.7725,0.8254
S20,0.8603,0.9999,0.5283,0.7648,0.5283,0.0,0.0,0.0,0.4237,0.5337,0.4125,0.3755,0.5359,0.1884,0.3961,0.3217,0.5994,0.7793
D21,0.8375,0.9998,0.4552,0.7026,0.4552,0.0,0.0,0.0,0.3062,0.505,0.2532,0.4,0.371,0.2234,0.5112,0.3994,0.6319,0.8185
L22,0.9711,1.0,0.8002,0.9277,0.8003,0.0,0.0,0.2,0.7377,0.8867,0.707,0.4984,0.945,0.2812,0.8042,0.523,0.809,0.8379
W23,0.9984,1.0,0.9649,0.9894,0.965,0.0,0.5263,0.4,0.8587,0.944,0.7223,0.9866,0.945,0.4582,0.9082,1.0,0.8487,0.8351
K24,0.8497,0.9998,0.4447,0.6929,0.4447,0.0,0.6842,0.1,0.303,0.6786,0.3484,0.3525,0.2793,0.1781,0.3914,0.3619,0.5474,0.8239
L25,0.8997,0.9999,0.5976,0.8156,0.5976,0.0,0.0,0.0,0.4316,0.6731,0.4323,0.3807,0.4784,0.2203,0.537,0.4225,0.6724,0.7975
L26,0.9974,1.0,0.9486,0.9842,0.9486,0.0,0.0,0.2,0.7925,0.944,0.6753,0.4938,0.9193,0.3062,0.7727,0.5133,0.781,0.8334
P27,0.963,1.0,0.7292,0.8938,0.7292,0.0,0.7368,0.0,0.4739,0.8648,0.4168,0.5097,0.5748,0.3178,0.5994,0.4191,0.6557,0.856
E28,0.8739,0.9999,0.5045,0.7456,0.5045,0.0,0.4737,0.0,0.3367,0.6447,0.2921,0.3892,0.2217,0.1999,0.4417,0.3733,0.5453,0.8456
N29,0.8837,0.9999,0.5466,0.779,0.5467,0.0,0.6842,0.1,0.4548,0.7066,0.4466,0.433,0.4079,0.2944,0.5843,0.3628,0.6444,0.8013
N30,0.8922,0.9999,0.5536,0.7842,0.5535,0.0,0.0,0.0,0.3355,0.641,0.3188,0.384,0.4784,0.2563,0.4303,0.3186,0.6151,0.8314
V31,0.8072,0.9997,0.3897,0.638,0.3896,0.0,0.0,0.0,0.2558,0.5451,0.3093,0.3162,0.5748,0.2162,0.3438,0.3493,0.5681,0.8587
L32,0.8997,0.9999,0.5976,0.8156,0.5976,0.0,0.0,0.1,0.4836,0.7418,0.4566,0.3972,0.5748,0.2568,0.6092,0.438,0.676,0.8448
S33,0.8011,0.9997,0.4185,0.6675,0.4185,0.0,0.0,0.0,0.2136,0.4073,0.1903,0.3014,0.2561,0.1819,0.2003,0.3054,0.5483,0.8366
P34,0.6555,0.9996,0.3401,0.583,0.3402,0.0,0.7368,0.0,0.1399,0.5818,0.1923,0.278,0.2122,0.2055,0.2223,0.3,0.4059,0.8789
L35,0.6797,0.9996,0.3531,0.5979,0.3531,0.0,0.0,0.0,0.0359,0.3891,0.1094,0.2245,0.1878,0.1863,0.0,0.2703,0.3294,0.8956
P36,0.902,0.9999,0.6047,0.8204,0.6047,0.0,0.0,0.0,0.2089,0.7805,0.1819,0.3313,0.469,0.2643,0.2432,0.3143,0.4861,0.8764
S37,0.8157,0.9998,0.5529,0.7837,0.5529,0.0,0.0,0.0,0.3738,0.4098,0.3401,0.2961,0.5137,0.3178,0.2361,0.2554,0.5482,0.714
Q38,0.6231,0.9993,0.2434,0.4572,0.2434,0.0,0.6316,0.0,0.1574,0.2922,0.1871,0.3354,0.1277,0.1233,0.2703,0.3661,0.4903,0.8226
A39,0.7364,0.9998,0.3831,0.6312,0.3832,0.0,0.0,0.1,0.3253,0.5948,0.3498,0.3911,0.2173,0.1055,0.4521,0.3974,0.6099,0.9131
M40,0.8837,0.9999,0.5296,0.7658,0.5295,0.0,0.0,0.1,0.5128,0.7227,0.505,0.4854,0.972,0.2402,0.6449,0.4858,0.7162,0.8859
D41,0.878,0.9999,0.5492,0.7809,0.5492,0.0,0.5263,0.1,0.5499,0.5102,0.5032,0.5362,0.5931,0.2583,0.7029,0.4565,0.7395,0.8877
D42,0.7451,0.9996,0.3099,0.5463,0.3099,0.0,0.0,0.0,0.2049,0.2455,0.1596,0.3748,0.3174,0.1819,0.4211,0.382,0.6486,0.8515
L43,0.9346,1.0,0.6495,0.8491,0.6496,0.0,0.0,0.1,0.6077,0.8191,0.6157,0.4582,0.748,0.2466,0.7502,0.4912,0.7536,0.857
M44,0.6231,0.9993,0.1936,0.3817,0.1936,0.0,0.0,0.0,0.14,0.2406,0.1518,0.323,0.1959,0.1041,0.3352,0.3923,0.5569,0.8613
L45,0.9431,1.0,0.727,0.8926,0.727,0.0,0.0,0.0,0.6624,0.7809,0.6242,0.4756,0.8261,0.2559,0.7327,0.513,0.7821,0.8413
S46,0.8375,0.9998,0.4505,0.6983,0.4506,0.0,0.4737,0.0,0.3088,0.5178,0.3049,0.3612,0.4099,0.1485,0.3888,0.3438,0.5959,0.7461
P47,0.5098,0.999,0.1609,0.3278,0.1609,0.0,0.6316,0.0,0.1045,0.1488,0.1703,0.3095,0.1277,0.1194,0.2569,0.3575,0.4584,0.7456
D48,0.6118,0.9996,0.5222,0.76,0.5223,0.0,0.0,0.0,0.131,0.6423,0.4401,0.1273,0.448,0.509,0.0713,0.1243,0.1941,0.7115
D49,0.878,0.9999,0.5834,0.8057,0.5833,0.0,0.7895,0.1,0.5513,0.5911,0.5282,0.5203,0.5936,0.254,0.6854,0.4341,0.7329,0.6936
I50,0.7843,0.9997,0.3895,0.6379,0.3896,0.0,0.0,0.0,0.3614,0.3706,0.4168,0.3695,0.592,0.1995,0.4898,0.4068,0.6486,0.694
E51,0.7364,0.9997,0.3558,0.6009,0.3558,0.0,0.0,0.0,0.2415,0.5609,0.315,0.3399,0.2147,0.1233,0.2928,0.3491,0.5114,0.6678
Q52,0.5735,0.9992,0.2297,0.4374,0.2299,0.0,0.6842,0.0,0.2029,0.3091,0.2887,0.3208,0.3654,0.2333,0.3076,0.3399,0.5028,0.6907
W53,0.8697,0.9999,0.5723,0.7979,0.5723,0.0,0.0,0.0,0.4032,0.5416,0.1845,0.5764,0.5509,0.3676,0.5687,0.5772,0.619,0.6982
F54,0.8627,0.9999,0.4981,0.7403,0.4982,0.0,0.0,0.0,0.3918,0.6857,0.3879,0.3761,0.4327,0.2346,0.4983,0.42,0.6397,0.6901
T55,0.6118,0.9994,0.613,0.8259,0.6131,0.0,0.4737,0.0,0.0719,0.6179,0.6271,0.0559,0.3924,0.6194,0.0724,0.0472,0.0634,0.6916
E56,0.8157,0.9998,0.7904,0.9233,0.7905,0.0,0.6842,0.0,0.0863,0.862,0.8438,0.0278,0.6709,0.7995,0.2823,0.0232,0.0491,0.7149
D57,0.8497,0.9999,0.6529,0.8511,0.6529,0.0,0.7895,0.1,0.2535,0.6919,0.449,0.207,0.4945,0.4931,0.2608,0.1655,0.3433,0.6769
P58,0.8342,0.9998,0.5246,0.7619,0.5247,0.0,0.0,0.0,0.1889,0.625,0.2675,0.2273,0.2534,0.3369,0.1629,0.2171,0.3794,0.675
G59,0.7137,0.9996,0.4383,0.6868,0.4384,0.0,0.0,0.0,0.1446,0.3475,0.3157,0.2138,0.1575,0.3329,0.2184,0.232,0.4319,0.6983
P60,0.9686,1.0,0.811,0.9324,0.8109,0.0,0.8421,0.1,0.5995,0.8828,0.5314,0.5639,0.7031,0.3758,0.6921,0.4391,0.7079,0.7238
D61,0.7222,0.9995,0.3139,0.5513,0.3139,0.0,0.0,0.0,0.2441,0.242,0.2925,0.3513,0.2603,0.2076,0.4223,0.3628,0.5815,0.75
E62,0.8375,0.9998,0.4437,0.6919,0.4437,0.0,0.0,0.0,0.219,0.455,0.1944,0.3139,0.2988,0.2342,0.3127,0.3199,0.5467,0.7447
A63,0.9063,0.9999,0.6427,0.8448,0.6427,0.0,0.7895,0.1,0.4866,0.6798,0.4941,0.3935,0.4388,0.2874,0.4902,0.3496,0.6759,0.7643
P64,0.6797,0.9996,0.3285,0.5692,0.3285,0.0,0.0,0.0,0.0111,0.3831,0.0609,0.2512,0.212,0.1616,0.1378,0.2936,0.4461,0.8107
R65,0.6797,0.9996,0.3285,0.5692,0.3285,0.0,0.0,0.0,0.1249,0.3338,0.1599,0.2889,0.0,0.1678,0.2262,0.309,0.4887,0.8205
M66,0.8011,0.9998,0.4095,0.6586,0.4096,0.0,0.0,0.1,0.443,0.4804,0.4547,0.437,0.8261,0.2328,0.6005,0.4471,0.6456,0.8907
P67,0.7647,0.9998,0.4219,0.6708,0.4219,0.0,0.0,0.0,0.182,0.5146,0.2044,0.2841,0.3792,0.2029,0.2155,0.2943,0.4535,0.8541
E68,0.6373,0.9996,0.3306,0.5717,0.3307,0.0,0.6316,0.0,0.1671,0.4648,0.2621,0.2722,0.0847,0.1963,0.2022,0.2986,0.405,0.7473
A69,0.8235,0.9998,0.5056,0.7465,0.5057,0.0,0.0,0.0,0.2355,0.4798,0.318,0.2505,0.3267,0.3481,0.2601,0.2346,0.4161,0.6197
A70,0.6555,0.9997,0.4102,0.6592,0.4102,0.0,0.0,0.0,0.1779,0.5623,0.268,0.2467,0.1599,0.253,0.245,0.2587,0.3531,0.5766
P71,0.6373,0.9995,0.3718,0.6188,0.3719,0.0,0.0,0.0,0.1604,0.4524,0.2657,0.2359,0.2606,0.2595,0.2651,0.2494,0.3567,0.563
P72,0.701,0.9997,0.4128,0.6619,0.4128,0.0,0.0,0.0,0.1809,0.5767,0.2586,0.2526,0.0778,0.2526,0.3041,0.2633,0.3457,0.5237
V73,0.2039,0.9971,0.1805,0.3607,0.1806,0.0,0.0,0.0,0.0501,0.0265,0.195,0.1924,0.1028,0.1893,0.0732,0.2245,0.259,0.6142
A74,0.6231,0.9993,0.2617,0.4831,0.2618,0.0,0.0,0.0,0.1783,0.2555,0.2524,0.2936,0.0753,0.1227,0.2412,0.321,0.4534,0.7208
P75,0.9733,1.0,0.8737,0.9579,0.8737,0.0,0.8421,0.1,0.7212,0.8828,0.6375,0.6584,0.8016,0.3768,0.7877,0.4974,0.7346,0.8108
A76,0.5098,0.9991,0.2361,0.4468,0.2363,0.0,0.0,0.0,0.1984,0.3334,0.306,0.3013,0.3091,0.1477,0.2395,0.32,0.4667,0.8349
P77,0.8497,0.9998,0.4425,0.6907,0.4425,0.0,0.0,0.1,0.2647,0.6173,0.2338,0.4408,0.2979,0.1395,0.4776,0.443,0.6754,0.8292
A78,0.8375,0.9998,0.4102,0.6593,0.4103,0.0,0.6316,0.0,0.3166,0.6022,0.3893,0.3859,0.1382,0.1285,0.496,0.3949,0.6367,0.8123
A79,0.8922,0.9999,0.5724,0.798,0.5724,0.0,0.7368,0.1,0.453,0.7255,0.544,0.4319,0.3681,0.1949,0.5976,0.4125,0.7336,0.7475
P80,0.9123,0.9999,0.6205,0.8308,0.6206,0.0,0.0,0.0,0.4798,0.6548,0.416,0.5663,0.4041,0.2076,0.6161,0.4955,0.7479,0.7804
T81,0.701,0.9997,0.3288,0.5696,0.3289,0.0,0.7368,0.1,0.2976,0.6432,0.4036,0.3836,0.2581,0.1446,0.455,0.4016,0.6327,0.7711
P82,0.9711,1.0,0.7819,0.9194,0.7819,0.0,0.0,0.0,0.5667,0.8628,0.4697,0.6245,0.6574,0.2721,0.6005,0.4991,0.7693,0.8039
A83,0.7879,0.9997,0.3745,0.6217,0.3745,0.0,0.0,0.1,0.1733,0.5503,0.1881,0.3144,0.4816,0.1554,0.1623,0.3199,0.5189,0.8556
A84,0.9468,1.0,0.7654,0.9117,0.7655,0.0,0.7368,0.1,0.6627,0.8149,0.6373,0.4737,0.6317,0.2831,0.6749,0.3904,0.7719,0.9024
P85,0.8922,0.9999,0.5554,0.7856,0.5555,0.0,0.0,0.0,0.3475,0.6586,0.2935,0.4623,0.4217,0.2245,0.5185,0.4243,0.6621,0.8859
A86,0.8603,0.9999,0.5302,0.7663,0.5302,0.0,0.7368,0.1,0.4154,0.6432,0.4067,0.399,0.3792,0.2317,0.5042,0.3823,0.6879,0.869
P87,0.9296,1.0,0.6488,0.8486,0.6487,0.0,0.7368,0.1,0.462,0.8214,0.3999,0.5168,0.4484,0.2439,0.6088,0.4607,0.7212,0.8594
A88,0.9659,1.0,0.7413,0.8999,0.7412,0.0,0.9474,0.2,0.6763,0.8832,0.6405,0.4785,0.5936,0.2657,0.6719,0.3862,0.7743,0.8779
P89,0.8837,0.9999,0.5365,0.7713,0.5366,0.0,0.0,0.0,0.3184,0.6893,0.2949,0.3826,0.3268,0.1611,0.361,0.3787,0.6156,0.8615
S90,0.9104,0.9999,0.5418,0.7753,0.5418,0.0,0.0,0.0,0.2123,0.765,0.1283,0.325,0.2803,0.1908,0.2189,0.3297,0.5996,0.8313
W91,0.9346,1.0,0.6699,0.8612,0.6699,0.0,0.4737,0.0,0.3809,0.7251,0.0578,0.591,0.4816,0.3193,0.5057,0.5951,0.6219,0.8633
P92,0.9391,1.0,0.68,0.867,0.68,0.0,0.7368,0.1,0.5224,0.8149,0.4807,0.5635,0.4973,0.2674,0.666,0.4791,0.7723,0.8968
L93,0.9733,1.0,0.8396,0.9445,0.8396,0.0,0.0,0.1,0.7869,0.8842,0.7312,0.5178,0.945,0.2812,0.8159,0.5472,0.8337,0.8805
S94,0.9501,1.0,0.7802,0.9187,0.7802,0.0,0.7895,0.1,0.7938,0.8105,0.7599,0.5406,0.7725,0.2411,0.8186,0.4249,0.8583,0.8043
S95,0.9659,1.0,0.7311,0.8947,0.7312,0.0,0.8421,0.1,0.5589,0.8828,0.4578,0.4732,0.5777,0.2075,0.6703,0.427,0.8165,0.7878
S96,0.8235,0.9998,0.3902,0.6386,0.3903,0.0,0.0,0.0,0.2148,0.5479,0.1745,0.3487,0.2644,0.1136,0.2081,0.3471,0.5619,0.7698
V97,0.9686,1.0,0.7542,0.9063,0.7542,0.0,0.0,0.2,0.8319,0.8801,0.7891,0.5524,0.972,0.2565,0.8853,0.5232,0.8924,0.8054
P98,0.9992,1.0,0.9821,0.9947,0.9821,0.0,0.8421,0.2,0.928,0.944,0.8756,0.8271,0.972,0.3688,0.9423,0.6087,0.9263,0.867
S99,0.9771,1.0,0.9056,0.9696,0.9057,0.0,0.8421,0.1,0.8587,0.8688,0.8069,0.5612,0.8518,0.2586,0.8395,0.4278,0.881,0.8586
Q100,0.8011,0.9997,0.3863,0.6345,0.3863,0.0,0.4737,0.0,0.3069,0.4127,0.2918,0.411,0.5931,0.2388,0.4598,0.3957,0.6039,0.8073
K101,0.8603,0.9999,0.4961,0.7386,0.4961,0.0,0.6316,0.1,0.4177,0.5694,0.4529,0.4392,0.4147,0.1423,0.5547,0.4454,0.6883,0.8068
T102,0.9296,1.0,0.6417,0.8442,0.6417,0.0,0.8421,0.1,0.4141,0.7823,0.342,0.4396,0.4373,0.1712,0.568,0.4181,0.7073,0.8095
Y103,0.9992,1.0,0.9821,0.9947,0.9821,0.0,0.5263,0.3,0.928,0.944,0.8513,0.7784,0.972,0.4409,0.9429,0.7826,0.9263,0.8786
Q104,0.8235,0.9998,0.4317,0.6805,0.4318,0.0,0.0,0.0,0.2442,0.5421,0.1574,0.4161,0.2106,0.1689,0.3374,0.4372,0.5859,0.8777
G105,0.9992,1.0,0.9821,0.9947,0.9821,0.0,0.9474,0.3,0.928,0.944,0.8863,0.681,0.972,0.3439,0.9387,0.5652,0.9263,0.863
S106,0.437,0.9988,0.1381,0.2879,0.1382,0.0,0.0,0.1,0.0922,0.1228,0.1478,0.3144,0.0702,0.0331,0.2728,0.3626,0.5008,0.7996
Y107,0.9346,1.0,0.6597,0.8552,0.6598,0.0,0.0,0.2,0.6549,0.7818,0.4362,0.6352,0.972,0.311,0.7469,0.5991,0.873,0.8463
G108,0.9123,0.9999,0.6205,0.8308,0.6206,0.0,0.0,0.0,0.5164,0.6683,0.502,0.4995,0.4041,0.1921,0.657,0.4729,0.7873,0.852
F109,0.9992,1.0,0.9821,0.9947,0.9821,0.0,0.0,0.2,0.928,0.944,0.8638,0.7297,0.972,0.4409,0.9402,0.7391,0.9263,0.8752
R110,0.8837,0.9999,0.4772,0.7224,0.4772,0.0,0.8421,0.2,0.3695,0.6995,0.376,0.4416,0.2979,0.2196,0.5012,0.4596,0.6944,0.8005
L111,0.963,1.0,0.7121,0.8848,0.7121,0.0,0.0,0.2,0.6253,0.8795,0.6566,0.4853,0.972,0.2565,0.7663,0.5296,0.8179,0.817
G112,0.878,0.9999,0.5492,0.7809,0.5492,0.0,0.0,0.0,0.4515,0.5459,0.4616,0.4725,0.3883,0.1936,0.5986,0.4549,0.737,0.8207
F113,0.9992,1.0,0.9821,0.9947,0.9821,0.0,0.0,0.2,0.928,0.944,0.8638,0.7297,0.972,0.4409,0.9402,0.7391,0.9263,0.832
L114,0.8697,0.9999,0.5401,0.774,0.5402,0.0,0.0,0.0,0.3598,0.5489,0.3008,0.3938,0.5004,0.1729,0.5002,0.447,0.7088,0.8364
H115,0.8072,0.9999,0.4788,0.7238,0.4789,0.0,0.6842,0.1,0.4394,0.6259,0.3438,0.5055,0.2773,0.2058,0.5661,0.4948,0.6996,0.8176
S116,0.9771,1.0,0.9056,0.9696,0.9057,0.0,0.9474,0.2,0.8818,0.8832,0.8232,0.5686,0.8518,0.2587,0.8593,0.4313,0.894,0.7838
G117,0.9686,1.0,0.7542,0.9063,0.7542,0.0,0.9474,0.2,0.6397,0.8801,0.6146,0.5524,0.614,0.2428,0.7332,0.5029,0.8415,0.7868
T118,0.9992,1.0,0.9821,0.9947,0.9821,0.0,0.8947,0.3,0.928,0.944,0.86,0.6322,0.972,0.2865,0.8944,0.4783,0.9263,0.6849
A119,0.9992,1.0,0.9821,0.9947,0.9821,0.0,0.9474,0.3,0.928,0.944,0.8637,0.5835,0.972,0.3439,0.8914,0.4348,0.9263,0.6726
K120,0.9992,1.0,0.9821,0.9947,0.9821,0.0,0.9474,0.4,0.928,0.944,0.8593,0.6322,0.972,0.3111,0.91,0.5652,0.9263,0.6572
S121,0.9992,1.0,0.9821,0.9947,0.9821,0.0,0.9474,0.3,0.928,0.944,0.8545,0.5835,0.972,0.2865,0.8847,0.4348,0.9263,0.7099
V122,0.9686,1.0,0.7542,0.9063,0.7542,0.0,0.0,0.2,0.6397,0.8707,0.578,0.49,0.972,0.1843,0.6966,0.4609,0.8415,0.7099
T123,0.9753,1.0,0.8551,0.9507,0.8552,0.0,0.0,0.1,0.7776,0.8706,0.7306,0.5752,0.7725,0.2341,0.7786,0.452,0.8399,0.7259
C124,0.9659,1.0,0.7311,0.8947,0.7312,0.0,0.0,0.1,0.531,0.8568,0.1981,0.6486,0.5777,0.4656,0.6707,0.55,0.8125,0.7454
T125,0.9992,1.0,0.9821,0.9947,0.9821,0.0,0.8947,0.3,0.928,0.944,0.86,0.6322,0.972,0.2865,0.8944,0.4783,0.9263,0.7186
Y126,1.0,1.0,1.0,1.0,1.0,0.5263,0.5263,1.0,1.0,1.0,1.0,0.842,1.0,0.4238,1.0,0.8478,1.0,0.6974
S127,1.0,1.0,1.0,1.0,1.0,0.9474,0.9474,1.0,1.0,1.0,1.0,0.6312,1.0,0.2632,1.0,0.471,1.0,0.6968
P128,0.9501,1.0,0.7556,0.907,0.7556,0.0,0.0,0.5,0.6618,0.9474,0.6043,0.7007,0.6163,0.2384,0.7893,0.5726,0.8871,0.5872
A129,0.1699,0.9974,0.0,0.0,0.0,0.0,0.0,0.2,0.0,0.1732,0.1229,0.3004,0.0158,0.0,0.1928,0.3638,0.49,0.4254
L130,1.0,1.0,1.0,1.0,1.0,0.0,0.0,1.0,1.0,1.0,1.0,0.6312,1.0,0.232,1.0,0.6594,1.0,0.4567
N131,0.9711,1.0,0.7681,0.913,0.7681,0.6842,0.6842,0.5,0.6973,0.9828,0.6846,0.6037,0.6358,0.2782,0.8223,0.4601,0.9115,0.5242
K132,1.0,1.0,1.0,1.0,1.0,0.9474,0.9474,1.0,1.0,1.0,1.0,0.6839,1.0,0.2889,1.0,0.6123,1.0,0.6294
M133,0.9431,1.0,0.6949,0.8754,0.6949,0.0,0.0,0.8,0.7762,0.9819,0.7788,0.5689,1.0,0.232,0.8475,0.6159,0.8825,0.6539
F134,0.9686,1.0,0.7441,0.9013,0.7441,0.0,0.0,0.9,0.8,0.9955,0.6808,0.6986,1.0,0.4238,0.9217,0.7681,0.9771,0.6569
C135,1.0,1.0,1.0,1.0,1.0,0.0,0.0,1.0,1.0,1.0,1.0,1.0,1.0,0.5927,1.0,0.942,1.0,0.6344
Q136,0.9788,1.0,0.9228,0.9756,0.9227,0.7895,0.7895,0.8,0.937,0.9895,0.9343,0.7093,0.8787,0.3544,0.9733,0.5543,0.9731,0.6344
L137,0.9711,1.0,0.7681,0.913,0.7681,0.0,0.0,1.0,0.7982,0.9987,0.8196,0.5658,1.0,0.232,0.9314,0.5971,0.9292,0.5637
A138,1.0,1.0,1.0,1.0,1.0,0.9474,0.9474,1.0,1.0,1.0,1.0,0.6312,1.0,0.323,1.0,0.471,1.0,0.4062
K139,1.0,1.0,1.0,1.0,1.0,0.9474,0.9474,1.0,1.0,1.0,1.0,0.6839,1.0,0.2889,1.0,0.6123,1.0,0.4062
T140,0.9788,1.0,0.9228,0.9756,0.9227,0.8421,0.8421,0.7,0.9115,0.9919,0.8928,0.6492,0.8787,0.2362,0.9505,0.5072,0.9663,0.5581
C141,1.0,1.0,1.0,1.0,1.0,0.0,0.0,1.0,1.0,1.0,1.0,1.0,1.0,0.5927,1.0,0.942,1.0,0.6358
P142,1.0,1.0,1.0,1.0,1.0,0.8421,0.8421,0.9,1.0,1.0,1.0,0.8946,1.0,0.3489,1.0,0.6594,1.0,0.7262
V143,0.9711,1.0,0.7681,0.913,0.7681,0.0,0.0,0.9,0.8991,0.9921,0.8736,0.5985,1.0,0.232,0.9702,0.5667,0.9646,0.847
Q144,0.9788,1.0,0.9228,0.9756,0.9227,0.5263,0.5263,0.8,0.9119,0.9769,0.8675,0.6978,0.8787,0.3595,0.9237,0.5362,0.9462,0.8666
L145,0.9063,0.9999,0.5764,0.8009,0.5764,0.0,0.0,0.8,0.6864,0.9699,0.7364,0.531,1.0,0.232,0.8741,0.5725,0.8679,0.8526
W146,0.8697,0.9999,0.506,0.7469,0.5061,0.0,0.0,0.3,0.3203,0.7936,0.0,0.5997,0.3837,0.2183,0.4735,0.6728,0.6831,0.8624
V147,0.9788,1.0,0.9228,0.9756,0.9227,0.0,0.0,0.9,0.976,0.9921,0.9699,0.6234,1.0,0.232,0.9932,0.5652,0.9867,0.8522
D148,0.6118,0.9995,0.2393,0.4513,0.2394,0.0,0.0,0.3,0.1924,0.4613,0.2234,0.3842,0.0841,0.0391,0.3751,0.4003,0.589,0.8052
S149,0.9063,0.9999,0.5764,0.8009,0.5764,0.0,0.0,0.6,0.5987,0.9279,0.6014,0.5051,0.734,0.1828,0.7689,0.4372,0.7999,0.8044
T150,0.8922,0.9999,0.5405,0.7743,0.5406,0.7368,0.7368,0.6,0.3211,0.9829,0.2708,0.462,0.2784,0.1289,0.5063,0.469,0.7321,0.5519
P151,1.0,1.0,1.0,1.0,1.0,0.8421,0.8421,0.9,1.0,1.0,1.0,0.8946,1.0,0.3489,1.0,0.6594,1.0,0.5248
P152,1.0,1.0,1.0,1.0,1.0,0.8421,0.8421,0.9,1.0,1.0,1.0,0.8946,1.0,0.3489,1.0,0.6594,1.0,0.4569
P153,0.9468,1.0,0.7226,0.8903,0.7225,0.6316,0.6316,0.5,0.6251,0.9636,0.5396,0.6736,0.5642,0.2448,0.7611,0.5659,0.8633,0.437
G154,0.9788,1.0,0.9228,0.9756,0.9227,0.7895,0.7895,0.6,0.919,0.9817,0.9084,0.7015,0.8787,0.2952,0.9519,0.5942,0.9521,0.4121
T155,0.9346,1.0,0.6112,0.8247,0.6112,0.7895,0.7895,0.7,0.6362,0.9785,0.6808,0.5405,0.734,0.2035,0.8029,0.4701,0.8129,0.4121
R156,0.8697,0.9999,0.4857,0.7298,0.4858,0.0,0.0,0.3,0.2752,0.8156,0.2429,0.4243,0.4303,0.1028,0.4744,0.4475,0.6803,0.4121
V157,0.9431,1.0,0.6949,0.8754,0.6949,0.0,0.0,0.9,0.8463,0.9823,0.8396,0.5814,1.0,0.232,0.9473,0.5594,0.9392,0.4562
R158,1.0,1.0,1.0,1.0,1.0,0.9474,0.9474,1.0,1.0,1.0,1.0,0.7366,1.0,0.2889,1.0,0.6594,1.0,0.62
A159,1.0,1.0,1.0,1.0,1.0,0.9474,0.9474,1.0,1.0,1.0,1.0,0.6312,1.0,0.323,1.0,0.471,1.0,0.6743
M160,0.9309,1.0,0.7705,0.9141,0.7706,0.0,0.0,0.7,0.8215,0.9303,0.8324,0.657,0.8787,0.2028,0.8943,0.6135,0.9119,0.7435
A161,0.9711,1.0,0.7681,0.913,0.7681,0.7368,0.7368,0.6,0.6601,0.9994,0.5928,0.5264,0.6358,0.2368,0.794,0.4616,0.9115,0.7507
I162,0.9686,1.0,0.7441,0.9013,0.7441,0.0,0.0,0.9,0.8847,0.9921,0.8556,0.5938,1.0,0.232,0.9511,0.5928,0.9541,0.6483
Y163,1.0,1.0,1.0,1.0,1.0,0.5263,0.5263,1.0,1.0,1.0,1.0,0.842,1.0,0.4238,1.0,0.8478,1.0,0.6258
K164,1.0,1.0,1.0,1.0,1.0,0.9474,0.9474,1.0,1.0,1.0,1.0,0.6839,1.0,0.2889,1.0,0.6123,1.0,0.5765
Q165,0.9711,1.0,0.7681,0.913,0.7681,0.6842,0.6842,0.7,0.7783,0.9901,0.7784,0.604,0.6358,0.2168,0.8152,0.55,0.8701,0.4239
S166,0.9346,1.0,0.6112,0.8247,0.6112,0.0,0.0,0.5,0.51,0.9411,0.5345,0.4723,0.5408,0.1182,0.6362,0.4119,0.7555,0.491
Q167,0.9412,1.0,0.6716,0.8622,0.6717,0.8421,0.8421,0.8,0.7082,0.9922,0.6962,0.5917,0.4844,0.2253,0.8055,0.5162,0.8159,0.562
H168,0.9346,1.0,0.6066,0.8217,0.6066,0.0,0.0,0.7,0.5759,0.9498,0.319,0.6378,1.0,0.2154,0.6791,0.5217,0.8267,0.5824
M169,0.9596,1.0,0.6945,0.8752,0.6945,0.0,0.0,0.8,0.6227,0.9942,0.6179,0.557,1.0,0.232,0.7806,0.5603,0.8531,0.6178
T170,0.9771,1.0,0.8716,0.9571,0.8715,0.7895,0.7895,0.8,0.8616,0.9916,0.8879,0.6312,0.7982,0.2173,0.9247,0.5041,0.9486,0.5935
E171,0.9771,1.0,0.8716,0.9571,0.8715,1.0,1.0,0.9,0.8965,0.9916,0.8764,0.6471,1.0,0.3203,0.9695,0.5583,0.9842,0.6517
V172,0.9788,1.0,0.9228,0.9756,0.9227,0.0,0.0,0.9,0.976,0.9921,0.9699,0.6234,1.0,0.232,0.9932,0.5652,0.992,0.5876
V173,1.0,1.0,1.0,1.0,1.0,0.0,0.0,1.0,1.0,1.0,1.0,0.6312,1.0,0.232,1.0,0.5652,1.0,0.5655
R174,0.9711,1.0,0.7681,0.913,0.7681,0.9474,0.9474,0.9,0.8186,0.9963,0.8179,0.6528,1.0,0.2889,0.9217,0.6123,0.9646,0.4695
R175,1.0,1.0,1.0,1.0,1.0,0.9474,0.9474,1.0,1.0,1.0,1.0,0.7366,1.0,0.2889,1.0,0.6594,1.0,0.539
C176,1.0,1.0,1.0,1.0,1.0,0.0,0.0,1.0,1.0,1.0,1.0,1.0,1.0,0.5927,1.0,0.942,1.0,0.546
P177,1.0,1.0,1.0,1.0,1.0,0.8421,0.8421,0.9,1.0,1.0,1.0,0.8946,1.0,0.3489,1.0,0.6594,1.0,0.546
H178,0.9711,1.0,0.7681,0.913,0.7681,0.6842,0.6842,0.4,0.7296,0.988,0.6225,0.7251,0.6358,0.2168,0.8253,0.5928,0.9115,0.5424
H179,1.0,1.0,1.0,1.0,1.0,0.9474,0.9474,1.0,1.0,1.0,1.0,0.8946,1.0,0.2889,1.0,0.6594,1.0,0.5092
E180,1.0,1.0,1.0,1.0,1.0,1.0,1.0,1.0,1.0,1.0,1.0,0.6839,1.0,0.3203,1.0,0.5652,1.0,0.5662
R181,0.9711,1.0,0.7681,0.913,0.7681,0.0,0.0,0.5,0.5663,0.9755,0.4668,0.5527,0.6358,0.1867,0.6587,0.5225,0.8388,0.5632
C182,0.8997,0.9999,0.5553,0.7855,0.5553,0.0,0.0,0.7,0.4283,0.9165,0.231,0.5893,0.3837,0.3289,0.6005,0.6013,0.7746,0.6477
S183,0.9063,0.9999,0.5764,0.8009,0.5764,0.0,0.0,0.3,0.4692,0.8917,0.4941,0.4587,0.3894,0.1104,0.64,0.4361,0.7851,0.6726
D184,0.9431,1.0,0.6949,0.8754,0.6949,0.6842,0.6842,0.4,0.6929,0.9435,0.6746,0.6326,0.8787,0.29,0.866,0.5391,0.9201,0.6677
S185,0.8837,0.9999,0.49,0.7334,0.49,0.7895,0.7895,0.6,0.4552,0.9243,0.4901,0.463,0.6358,0.125,0.662,0.4413,0.747,0.7689
D186,0.9711,1.0,0.7681,0.913,0.7681,1.0,1.0,0.9,0.7736,0.9916,0.7297,0.6708,1.0,0.3203,0.9151,0.55,0.9646,0.7371
G187,0.9559,1.0,0.8463,0.9472,0.8463,0.7895,0.7895,0.6,0.8505,0.9615,0.8384,0.6718,0.7982,0.2628,0.9083,0.5804,0.9228,0.7561
L188,0.9468,1.0,0.7068,0.8819,0.7068,0.0,0.0,0.5,0.6483,0.9428,0.6913,0.5171,0.7982,0.1839,0.7941,0.561,0.8953,0.5907
A189,1.0,1.0,1.0,1.0,1.0,0.9474,0.9474,1.0,1.0,1.0,1.0,0.6312,1.0,0.323,1.0,0.471,1.0,0.5997
P190,1.0,1.0,1.0,1.0,1.0,0.8421,0.8421,0.9,1.0,1.0,1.0,0.8946,1.0,0.3489,1.0,0.6594,1.0,0.6093
P191,0.9733,1.0,0.7967,0.9261,0.7966,0.7368,0.7368,0.6,0.7151,0.9994,0.6587,0.7238,0.6806,0.2649,0.8243,0.5922,0.9024,0.4959
Q192,0.9431,1.0,0.6949,0.8754,0.6949,0.6842,0.6842,0.6,0.6181,0.9535,0.6115,0.5675,0.8787,0.2419,0.732,0.4732,0.8338,0.5105
H193,1.0,1.0,1.0,1.0,1.0,0.9474,0.9474,1.0,1.0,1.0,1.0,0.8946,1.0,0.2889,1.0,0.6594,1.0,0.5105
L194,1.0,1.0,1.0,1.0,1.0,0.0,0.0,1.0,1.0,1.0,1.0,0.6312,1.0,0.232,1.0,0.6594,1.0,0.5105
I195,1.0,1.0,1.0,1.0,1.0,0.0,0.0,1.0,1.0,1.0,1.0,0.6312,1.0,0.232,1.0,0.6123,1.0,0.5967
R196,1.0,1.0,1.0,1.0,1.0,0.9474,0.9474,1.0,1.0,1.0,1.0,0.7366,1.0,0.2889,1.0,0.6594,1.0,0.0662
V197,1.0,1.0,1.0,1.0,1.0,0.0,0.0,1.0,1.0,1.0,1.0,0.6312,1.0,0.232,1.0,0.5652,1.0,0.0662
E198,1.0,1.0,1.0,1.0,1.0,1.0,1.0,1.0,1.0,1.0,1.0,0.6839,1.0,0.3203,1.0,0.5652,1.0,0.5835
G199,1.0,1.0,1.0,1.0,1.0,0.9474,0.9474,1.0,1.0,1.0,1.0,0.7366,1.0,0.323,1.0,0.6123,1.0,0.4944
N200,1.0,1.0,1.0,1.0,1.0,0.9474,0.9474,1.0,1.0,1.0,1.0,0.7366,1.0,0.3886,1.0,0.471,1.0,0.4145
L201,0.8397,0.9998,0.4447,0.6929,0.4447,0.0,0.0,0.3,0.2407,0.7108,0.2117,0.3764,0.4121,0.0856,0.4232,0.4491,0.7154,0.5097
R202,0.8235,0.9998,0.4178,0.6668,0.4178,0.0,0.0,0.4,0.3078,0.833,0.2322,0.4546,0.2288,0.1697,0.4675,0.4735,0.7066,0.5097
V203,0.9176,1.0,0.6492,0.8489,0.6493,0.0,0.0,0.5,0.6304,0.9354,0.6318,0.5102,0.7586,0.1697,0.5802,0.4401,0.8108,0.5292
E204,0.8697,0.9999,0.506,0.7469,0.5061,0.6842,0.6842,0.5,0.6106,0.8904,0.6725,0.5415,0.3562,0.1712,0.7621,0.4909,0.8052,0.5364
Y205,1.0,1.0,1.0,1.0,1.0,0.5263,0.5263,1.0,1.0,1.0,1.0,0.842,1.0,0.4238,1.0,0.8478,1.0,0.4401
L206,0.8497,0.9999,0.4527,0.7003,0.4527,0.0,0.0,0.2,0.2942,0.8007,0.3626,0.3975,0.4999,0.1246,0.3701,0.4671,0.6611,0.6039
D207,0.9711,1.0,0.7681,0.913,0.7681,1.0,1.0,0.9,0.7736,0.9916,0.7297,0.6708,1.0,0.3203,0.9151,0.55,0.9546,0.6602
D208,1.0,1.0,1.0,1.0,1.0,1.0,1.0,1.0,1.0,1.0,1.0,0.7893,1.0,0.3203,1.0,0.5652,1.0,0.6426
R209,0.8697,0.9999,0.506,0.7469,0.5061,0.6316,0.6316,0.3,0.4281,0.8335,0.4251,0.4869,0.4072,0.1569,0.6261,0.5143,0.7785,0.7319
N210,0.8375,0.9998,0.3824,0.6303,0.3824,0.0,0.0,0.5,0.1749,0.825,0.1549,0.3865,0.5981,0.1955,0.3749,0.3923,0.6307,0.7401
T211,1.0,1.0,1.0,1.0,1.0,0.8947,0.8947,1.0,1.0,1.0,1.0,0.6839,1.0,0.2632,1.0,0.5181,1.0,0.7242
F212,0.9063,0.9999,0.5764,0.8009,0.5764,0.0,0.0,0.3,0.3363,0.8338,0.2312,0.4712,0.3348,0.2178,0.4736,0.5086,0.6991,0.7242
R213,1.0,1.0,1.0,1.0,1.0,0.9474,0.9474,1.0,1.0,1.0,1.0,0.7366,1.0,0.2889,1.0,0.6594,1.0,0.706
H214,0.9711,1.0,0.7681,0.913,0.7681,0.6842,0.6842,0.6,0.7296,0.997,0.6308,0.7251,0.6358,0.2168,0.8344,0.6109,0.9292,0.6999
S215,1.0,1.0,1.0,1.0,1.0,0.9474,0.9474,1.0,1.0,1.0,1.0,0.6312,1.0,0.2632,1.0,0.471,1.0,0.6999
V216,1.0,1.0,1.0,1.0,1.0,0.0,0.0,1.0,1.0,1.0,1.0,0.6312,1.0,0.232,1.0,0.5652,1.0,0.5235
V217,0.9501,1.0,0.7556,0.907,0.7556,0.0,0.0,0.7,0.762,0.9723,0.7786,0.5537,0.8787,0.209,0.8817,0.5301,0.9188,0.5235
V218,1.0,1.0,1.0,1.0,1.0,0.0,0.0,1.0,1.0,1.0,1.0,0.6312,1.0,0.232,1.0,0.5652,1.0,0.3715
P219,1.0,1.0,1.0,1.0,1.0,0.8421,0.8421,0.9,1.0,1.0,1.0,0.8946,1.0,0.3489,1.0,0.6594,1.0,0.2666
Y220,1.0,1.0,1.0,1.0,1.0,0.5263,0.5263,1.0,1.0,1.0,1.0,0.842,1.0,0.4238,1.0,0.8478,1.0,0.2666
E221,1.0,1.0,1.0,1.0,1.0,1.0,1.0,1.0,1.0,1.0,1.0,0.6839,1.0,0.3203,1.0,0.5652,1.0,0.393
P222,0.9559,1.0,0.8463,0.9472,0.8463,0.7368,0.7368,0.6,0.8427,0.9895,0.8136,0.8027,0.7586,0.2841,0.9079,0.6239,0.9294,0.3548
P223,1.0,1.0,1.0,1.0,1.0,0.8421,0.8421,0.9,1.0,1.0,1.0,0.8946,1.0,0.3489,1.0,0.6594,1.0,0.2728
E224,0.9686,1.0,0.7441,0.9013,0.7441,0.8421,0.8421,0.8,0.7928,0.9922,0.7843,0.6119,0.5981,0.2354,0.8722,0.5304,0.9085,0.4106
V225,0.9309,1.0,0.7705,0.9141,0.7706,0.0,0.0,0.7,0.8467,0.9141,0.8677,0.5815,1.0,0.2051,0.9188,0.5433,0.921,0.4438
G226,0.9788,1.0,0.9228,0.9756,0.9227,0.7895,0.7895,0.5,0.9109,0.9779,0.9006,0.6977,0.8787,0.2925,0.9498,0.5978,0.961,0.5593
S227,0.9431,1.0,0.6949,0.8754,0.6949,0.7895,0.7895,0.7,0.7479,0.9785,0.7486,0.5537,0.8787,0.2352,0.8961,0.4543,0.8828,0.5593
D228,0.9559,1.0,0.6844,0.8695,0.6844,1.0,1.0,0.9,0.655,0.9916,0.5881,0.5991,1.0,0.3203,0.8534,0.542,0.9192,0.5211
C229,0.8603,0.9999,0.4715,0.7174,0.4716,0.0,0.0,0.4,0.3071,0.7796,0.0525,0.5174,0.4113,0.3741,0.5516,0.5494,0.7702,0.5474
T230,1.0,1.0,1.0,1.0,1.0,0.8947,0.8947,1.0,1.0,1.0,1.0,0.6839,1.0,0.2632,1.0,0.5181,1.0,0.6354
T231,1.0,1.0,1.0,1.0,1.0,0.8947,0.8947,1.0,1.0,1.0,1.0,0.6839,1.0,0.2632,1.0,0.5181,1.0,0.6087
I232,0.9711,1.0,0.7681,0.913,0.7681,0.0,0.0,0.9,0.8991,0.9921,0.8736,0.5985,1.0,0.232,0.9582,0.5957,0.9561,0.5806
H233,0.9659,1.0,0.7241,0.8911,0.7241,0.0,0.0,0.5,0.4279,0.9758,0.2395,0.5646,0.5667,0.165,0.5893,0.5052,0.776,0.6216
Y234,0.9788,1.0,0.9228,0.9756,0.9227,0.0,0.0,0.7,0.9093,0.9912,0.8904,0.7949,0.8787,0.386,0.9489,0.808,0.9529,0.6216
N235,0.9771,1.0,0.8716,0.9571,0.8715,0.6842,0.6842,0.5,0.8616,0.9828,0.8558,0.6764,0.7982,0.3304,0.9227,0.4645,0.9263,0.6216
Y236,0.9516,1.0,0.6773,0.8655,0.6773,0.0,0.0,0.9,0.725,0.9955,0.5612,0.6782,1.0,0.4238,0.8639,0.7681,0.9572,0.6247
M237,1.0,1.0,1.0,1.0,1.0,0.0,0.0,1.0,1.0,1.0,1.0,0.7366,1.0,0.232,1.0,0.6594,1.0,0.3748
C238,1.0,1.0,1.0,1.0,1.0,0.0,0.0,1.0,1.0,1.0,1.0,1.0,1.0,0.5927,1.0,0.942,1.0,0.2964
N239,1.0,1.0,1.0,1.0,1.0,0.9474,0.9474,1.0,1.0,1.0,1.0,0.7366,1.0,0.3886,1.0,0.471,1.0,0.4583
S240,1.0,1.0,1.0,1.0,1.0,0.9474,0.9474,1.0,1.0,1.0,1.0,0.6312,1.0,0.2632,1.0,0.471,1.0,0.5336
S241,1.0,1.0,1.0,1.0,1.0,0.9474,0.9474,1.0,1.0,1.0,1.0,0.6312,1.0,0.2632,1.0,0.471,1.0,0.5336
C242,1.0,1.0,1.0,1.0,1.0,0.0,0.0,1.0,1.0,1.0,1.0,1.0,1.0,0.5927,1.0,0.942,1.0,0.5336
M243,0.9711,1.0,0.7681,0.913,0.7681,0.0,0.0,0.8,0.7411,0.9942,0.7377,0.6181,1.0,0.232,0.8634,0.5957,0.9292,0.5336
G244,1.0,1.0,1.0,1.0,1.0,0.9474,0.9474,1.0,1.0,1.0,1.0,0.7366,1.0,0.323,1.0,0.6123,1.0,0.5336
G245,1.0,1.0,1.0,1.0,1.0,0.9474,0.9474,1.0,1.0,1.0,1.0,0.7366,1.0,0.323,1.0,0.6123,1.0,0.5336
M246,1.0,1.0,1.0,1.0,1.0,0.0,0.0,1.0,1.0,1.0,1.0,0.7366,1.0,0.232,1.0,0.6594,1.0,0.5336
N247,1.0,1.0,1.0,1.0,1.0,0.9474,0.9474,1.0,1.0,1.0,1.0,0.7366,1.0,0.3886,1.0,0.471,1.0,0.0662
R248,1.0,1.0,1.0,1.0,1.0,0.9474,0.9474,1.0,1.0,1.0,1.0,0.7366,1.0,0.2889,1.0,0.6594,1.0,0.0662
R249,1.0,1.0,1.0,1.0,1.0,0.9474,0.9474,1.0,1.0,1.0,1.0,0.7366,1.0,0.2889,1.0,0.6594,1.0,0.0
P250,1.0,1.0,1.0,1.0,1.0,0.8421,0.8421,0.9,1.0,1.0,1.0,0.8946,1.0,0.3489,1.0,0.6594,1.0,0.5211
I251,1.0,1.0,1.0,1.0,1.0,0.0,0.0,1.0,1.0,1.0,1.0,0.6312,1.0,0.232,1.0,0.6123,1.0,0.5211
L252,0.9788,1.0,0.9228,0.9756,0.9227,0.0,0.0,1.0,0.9519,0.9987,0.957,0.6156,1.0,0.232,0.9838,0.6449,0.9686,0.5367
T253,0.9468,1.0,0.7226,0.8903,0.7225,0.0,0.0,0.7,0.6561,0.9588,0.5859,0.5531,0.6358,0.166,0.7318,0.4748,0.9068,0.5367
I254,1.0,1.0,1.0,1.0,1.0,0.0,0.0,1.0,1.0,1.0,1.0,0.6312,1.0,0.232,1.0,0.6123,1.0,0.5367
I255,0.9501,1.0,0.7556,0.907,0.7556,0.0,0.0,0.9,0.8871,0.9823,0.8936,0.5946,1.0,0.232,0.9581,0.5914,0.9523,0.5367
T256,1.0,1.0,1.0,1.0,1.0,0.8947,0.8947,1.0,1.0,1.0,1.0,0.6839,1.0,0.2632,1.0,0.5181,1.0,0.5702
L257,1.0,1.0,1.0,1.0,1.0,0.0,0.0,1.0,1.0,1.0,1.0,0.6312,1.0,0.232,1.0,0.6594,1.0,0.6141
E258,1.0,1.0,1.0,1.0,1.0,1.0,1.0,1.0,1.0,1.0,1.0,0.6839,1.0,0.3203,1.0,0.5652,1.0,0.6615
D259,0.9063,0.9999,0.5764,0.8009,0.5764,0.0,0.0,0.4,0.403,0.8599,0.3643,0.5007,0.3348,0.1395,0.5823,0.4664,0.7678,0.6655
S260,0.8997,0.9999,0.5408,0.7746,0.5409,0.6316,0.6316,0.4,0.4254,0.8983,0.4473,0.4458,0.3894,0.1022,0.6111,0.4332,0.7504,0.6584
S261,0.8284,0.9998,0.4368,0.6853,0.4368,0.0,0.0,0.4,0.4425,0.7272,0.4487,0.4553,0.3724,0.0988,0.609,0.4248,0.7352,0.6696
G262,1.0,1.0,1.0,1.0,1.0,0.9474,0.9474,1.0,1.0,1.0,1.0,0.7366,1.0,0.323,1.0,0.6123,1.0,0.6696
N263,0.924,0.9999,0.5732,0.7985,0.5731,0.6842,0.6842,0.5,0.4944,0.9637,0.4964,0.5168,0.734,0.3104,0.674,0.4522,0.7557,0.6902
L264,0.9686,1.0,0.7441,0.9013,0.7441,0.0,0.0,0.9,0.7118,0.9915,0.742,0.5377,1.0,0.232,0.8597,0.5855,0.9048,0.6415
L265,1.0,1.0,1.0,1.0,1.0,0.0,0.0,1.0,1.0,1.0,1.0,0.6312,1.0,0.232,1.0,0.6594,1.0,0.5971
G266,1.0,1.0,1.0,1.0,1.0,0.9474,0.9474,1.0,1.0,1.0,1.0,0.7366,1.0,0.323,1.0,0.6123,1.0,0.6084
R267,1.0,1.0,1.0,1.0,1.0,0.9474,0.9474,1.0,1.0,1.0,1.0,0.7366,1.0,0.2889,1.0,0.6594,1.0,0.6098
N268,0.924,0.9999,0.5732,0.7985,0.5731,0.7895,0.7895,0.6,0.4563,0.953,0.4725,0.5026,0.3296,0.1859,0.6646,0.4425,0.7599,0.5685
S269,0.9733,1.0,0.7967,0.9261,0.7966,0.0,0.0,0.7,0.7177,0.9828,0.5643,0.544,0.6806,0.2339,0.8181,0.4542,0.9166,0.6123
F270,1.0,1.0,1.0,1.0,1.0,0.0,0.0,1.0,1.0,1.0,1.0,0.7893,1.0,0.4238,1.0,0.8007,1.0,0.6123
E271,1.0,1.0,1.0,1.0,1.0,1.0,1.0,1.0,1.0,1.0,1.0,0.6839,1.0,0.3203,1.0,0.5652,1.0,0.6176
V272,0.9468,1.0,0.7068,0.8819,0.7068,0.0,0.0,0.8,0.5927,0.9485,0.5622,0.4953,0.7982,0.1583,0.6936,0.4949,0.886,0.5678
R273,1.0,1.0,1.0,1.0,1.0,0.9474,0.9474,1.0,1.0,1.0,1.0,0.7366,1.0,0.2889,1.0,0.6594,1.0,0.5102
V274,0.963,1.0,0.7077,0.8824,0.7076,0.0,0.0,0.9,0.8616,0.9921,0.8267,0.5863,1.0,0.232,0.9559,0.5693,0.9324,0.5102
C275,1.0,1.0,1.0,1.0,1.0,0.0,0.0,1.0,1.0,1.0,1.0,1.0,1.0,0.5927,1.0,0.942,1.0,0.5102
A276,1.0,1.0,1.0,1.0,1.0,0.9474,0.9474,1.0,1.0,1.0,1.0,0.6312,1.0,0.323,1.0,0.471,1.0,0.3764
C277,1.0,1.0,1.0,1.0,1.0,0.0,0.0,1.0,1.0,1.0,1.0,1.0,1.0,0.5927,1.0,0.942,1.0,0.3764
P278,1.0,1.0,1.0,1.0,1.0,0.8421,0.8421,0.9,1.0,1.0,1.0,0.8946,1.0,0.3489,1.0,0.6594,1.0,0.0662
G279,1.0,1.0,1.0,1.0,1.0,0.9474,0.9474,1.0,1.0,1.0,1.0,0.7366,1.0,0.323,1.0,0.6123,1.0,0.0662
R280,1.0,1.0,1.0,1.0,1.0,0.9474,0.9474,1.0,1.0,1.0,1.0,0.7366,1.0,0.2889,1.0,0.6594,1.0,0.6613
D281,1.0,1.0,1.0,1.0,1.0,1.0,1.0,1.0,1.0,1.0,1.0,0.7893,1.0,0.3203,1.0,0.5652,1.0,0.6464
R282,1.0,1.0,1.0,1.0,1.0,0.9474,0.9474,1.0,1.0,1.0,1.0,0.7366,1.0,0.2889,1.0,0.6594,1.0,0.6742
R283,0.9659,1.0,0.7241,0.8911,0.7241,0.9474,0.9474,0.9,0.7703,0.9963,0.7693,0.6291,1.0,0.2889,0.8959,0.5986,0.9448,0.6742
T284,0.9431,1.0,0.6949,0.8754,0.6949,0.0,0.0,0.6,0.626,0.9465,0.697,0.5408,0.5981,0.1535,0.7697,0.4761,0.8977,0.7025
E285,0.9711,1.0,0.7681,0.913,0.7681,1.0,1.0,0.9,0.7736,0.9916,0.7297,0.606,1.0,0.3203,0.9305,0.55,0.9646,0.6421
E286,1.0,1.0,1.0,1.0,1.0,1.0,1.0,1.0,1.0,1.0,1.0,0.6839,1.0,0.3203,1.0,0.5652,1.0,0.5726
E287,0.9063,0.9999,0.5764,0.8009,0.5764,0.6842,0.6842,0.4,0.6125,0.8998,0.6411,0.5442,0.6793,0.2353,0.8239,0.5112,0.8505,0.5292
N288,0.9468,1.0,0.7068,0.8819,0.7068,0.6842,0.6842,0.3,0.717,0.9576,0.7034,0.6132,0.7982,0.2511,0.8282,0.4599,0.9079,0.4552
L289,0.9063,0.9999,0.5499,0.7815,0.5499,0.0,0.0,0.7,0.589,0.9658,0.5503,0.5839,0.5981,0.2789,0.734,0.6435,0.8461,0.4946
R290,0.9225,1.0,0.6721,0.8624,0.672,0.6842,0.6842,0.6,0.7158,0.9578,0.7117,0.6139,0.6012,0.246,0.7711,0.5903,0.8749,0.6186
K291,0.9771,1.0,0.8716,0.9571,0.8715,0.8947,0.8947,0.7,0.8814,0.9894,0.889,0.639,0.7982,0.2407,0.9365,0.5774,0.9605,0.5957
K292,0.8997,0.9999,0.5408,0.7746,0.5409,0.6842,0.6842,0.5,0.6143,0.9211,0.6725,0.5438,0.5208,0.1892,0.8011,0.5214,0.8577,0.6013
G293,0.924,0.9999,0.5618,0.7903,0.5618,0.6842,0.6842,0.4,0.3196,0.9431,0.2956,0.4423,0.3118,0.1653,0.5228,0.469,0.721,0.6056
E294,0.8603,0.9999,0.4417,0.69,0.4417,0.0,0.0,0.3,0.2744,0.803,0.3002,0.4118,0.2324,0.1126,0.4681,0.4387,0.6928,0.5677
P295,0.7451,0.9996,0.3105,0.5472,0.3106,0.0,0.0,0.0,0.2008,0.645,0.1939,0.4231,0.054,0.0607,0.4171,0.4409,0.6447,0.4792
H296,0.8697,0.9999,0.504,0.7453,0.5041,0.0,0.0,0.0,0.3255,0.5125,0.12,0.5135,0.2212,0.3371,0.4246,0.5235,0.6751,0.4833
H297,0.8837,0.9999,0.4835,0.7278,0.4834,0.0,0.5789,0.0,0.3088,0.7038,0.2315,0.4571,0.2979,0.171,0.3738,0.4529,0.6697,0.532
E298,0.8697,0.9999,0.5198,0.7581,0.5198,0.0,0.5789,0.0,0.4536,0.5675,0.471,0.4529,0.3005,0.1569,0.5819,0.4342,0.7102,0.5913
L299,0.8806,0.9999,0.4955,0.7381,0.4956,0.0,0.0,0.0,0.0719,0.7515,0.0296,0.3114,0.2077,0.1141,0.1614,0.357,0.548,0.6641
P300,0.9346,1.0,0.6357,0.8405,0.6358,0.0,0.8421,0.1,0.4293,0.794,0.3659,0.5335,0.5478,0.2336,0.605,0.4712,0.7497,0.687
P301,0.9296,0.9999,0.59,0.8104,0.5901,0.7368,0.7368,0.6,0.3657,0.967,0.3357,0.521,0.734,0.1718,0.4915,0.4925,0.7507,0.6644
G302,0.8011,0.9997,0.3414,0.5844,0.3414,0.5789,0.5789,0.3,0.2131,0.6992,0.2795,0.3965,0.0749,0.124,0.4366,0.427,0.6667,0.683
S303,0.878,0.9999,0.5309,0.7668,0.5309,0.0,0.0,0.5,0.5361,0.8428,0.5697,0.483,0.4298,0.1234,0.6984,0.4417,0.8056,0.6596
T304,0.8837,0.9999,0.4779,0.723,0.478,0.0,0.0,0.5,0.4416,0.9059,0.5511,0.4683,0.5408,0.1274,0.6074,0.448,0.7406,0.6978
K305,1.0,1.0,1.0,1.0,1.0,0.9474,0.9474,1.0,1.0,1.0,1.0,0.6839,1.0,0.2889,1.0,0.6123,1.0,0.7352
R306,1.0,1.0,1.0,1.0,1.0,0.9474,0.9474,1.0,1.0,1.0,1.0,0.7366,1.0,0.2889,1.0,0.6594,1.0,0.8054
A307,0.9176,0.9999,0.6336,0.8391,0.6335,0.0,0.0,0.5,0.6088,0.9354,0.6208,0.5043,0.6163,0.1725,0.7528,0.4459,0.8523,0.8491
L308,0.9431,1.0,0.6949,0.8754,0.6949,0.0,0.0,0.8,0.7039,0.9826,0.6595,0.5453,0.6358,0.1776,0.856,0.5957,0.9097,0.8559
P309,0.8697,0.9999,0.4795,0.7244,0.4796,0.0,0.0,0.2,0.3565,0.801,0.3198,0.52,0.2789,0.1423,0.5705,0.5,0.7439,0.8245
N310,0.7137,0.9995,0.2547,0.4733,0.2548,0.5789,0.5789,0.2,0.2177,0.7838,0.2774,0.3881,0.6163,0.1175,0.3992,0.407,0.6089,0.8181
N311,0.7222,0.9996,0.2969,0.5298,0.2969,0.0,0.0,0.3,0.2829,0.6711,0.337,0.4155,0.4072,0.0924,0.4342,0.4094,0.616,0.7761
T312,0.9501,1.0,0.7461,0.9023,0.7461,0.8421,0.8421,0.6,0.7436,0.9783,0.7291,0.5839,0.7982,0.2193,0.8664,0.4854,0.8941,0.7555
S313,0.8497,0.9999,0.4899,0.7333,0.4899,0.5789,0.5789,0.1,0.4957,0.7973,0.5032,0.4678,0.4245,0.1072,0.6724,0.4277,0.7806,0.6564
S314,0.9123,0.9999,0.6022,0.8187,0.6022,0.0,0.0,0.5,0.4485,0.8973,0.4206,0.4523,0.5667,0.1233,0.5842,0.4239,0.8143,0.6291
S315,0.878,0.9999,0.5246,0.7619,0.5247,0.6316,0.6316,0.5,0.5247,0.9029,0.5547,0.4786,0.6163,0.1309,0.7124,0.4309,0.7988,0.643
P316,0.9176,1.0,0.6492,0.8489,0.6493,0.6316,0.6316,0.3,0.5533,0.9197,0.4996,0.6327,0.4492,0.1956,0.7256,0.5452,0.86,0.6274
Q317,0.7647,0.9998,0.3631,0.6092,0.3631,0.6316,0.6316,0.3,0.2559,0.7806,0.228,0.422,0.4113,0.1314,0.4388,0.4396,0.6487,0.6378
P318,0.7647,0.9997,0.3335,0.575,0.3334,0.0,0.0,0.4,0.1049,0.7299,0.0611,0.378,0.2365,0.0947,0.2906,0.4232,0.5995,0.7351
K319,0.9788,1.0,0.9228,0.9756,0.9227,0.6842,0.6842,0.5,0.928,0.9747,0.928,0.6566,0.8787,0.2575,0.9507,0.5942,0.9529,0.7484
K320,0.9559,1.0,0.8463,0.9472,0.8463,0.8947,0.8947,0.7,0.8964,0.9721,0.9143,0.6455,0.8787,0.2597,0.9549,0.5871,0.9517,0.7555
K321,0.9391,1.0,0.6718,0.8623,0.6718,0.8947,0.8947,0.6,0.7201,0.9553,0.7463,0.5837,0.8787,0.2597,0.8935,0.5625,0.9146,0.775
P322,0.8697,0.9999,0.506,0.7469,0.5061,0.0,0.0,0.2,0.3359,0.8397,0.3017,0.5102,0.2639,0.1309,0.5619,0.5001,0.7444,0.7378
L323,0.9176,0.9999,0.6336,0.8391,0.6335,0.0,0.0,0.2,0.412,0.8689,0.3625,0.4343,0.4245,0.1117,0.5689,0.4965,0.8005,0.7378
D324,1.0,1.0,1.0,1.0,1.0,1.0,1.0,1.0,1.0,1.0,1.0,0.7893,1.0,0.3203,1.0,0.5652,1.0,0.6021
G325,0.8697,0.9999,0.4952,0.7379,0.4953,0.6842,0.6842,0.4,0.3665,0.841,0.3866,0.4634,0.3441,0.1882,0.5937,0.4971,0.7707,0.586
E326,0.9771,1.0,0.8716,0.9571,0.8715,1.0,1.0,0.9,0.8965,0.9916,0.8764,0.6471,1.0,0.3203,0.9695,0.5583,0.9842,0.6133
Y327,0.8854,0.9999,0.5612,0.7899,0.5612,0.0,0.0,0.6,0.485,0.8855,0.394,0.5677,0.4845,0.2442,0.6551,0.6035,0.7731,0.6169
F328,0.9501,1.0,0.7556,0.907,0.7556,0.0,0.0,0.7,0.7881,0.9809,0.7578,0.6827,0.734,0.335,0.8908,0.7217,0.9521,0.6663
T329,0.9391,1.0,0.6718,0.8623,0.6718,0.0,0.0,0.6,0.5079,0.9491,0.3551,0.5002,0.4845,0.17,0.5015,0.4225,0.7583,0.7485
L330,0.9771,1.0,0.9056,0.9696,0.9057,0.0,0.0,0.1,0.8887,0.8842,0.8528,0.5725,0.972,0.2565,0.9055,0.6017,0.9077,0.7973
Q331,0.8497,0.9999,0.4477,0.6956,0.4477,0.0,0.6316,0.0,0.3792,0.6903,0.3928,0.4368,0.1326,0.1897,0.557,0.4307,0.6793,0.7448
I332,0.9596,1.0,0.701,0.8788,0.7011,0.0,0.0,0.2,0.7444,0.8801,0.6939,0.5006,0.945,0.2812,0.7906,0.4997,0.7987,0.7076
R333,0.9984,1.0,0.9649,0.9894,0.965,0.0,0.9474,0.3,0.8587,0.944,0.7514,0.6275,0.945,0.3337,0.8584,0.56,0.8487,0.6111
G334,0.9984,1.0,0.9649,0.9894,0.965,0.0,0.9474,0.3,0.8587,0.944,0.7903,0.6275,0.945,0.3652,0.8798,0.52,0.8487,0.6837
R335,0.9225,1.0,0.7402,0.8993,0.7402,0.0,0.0,0.0,0.6456,0.6809,0.5797,0.5348,0.6317,0.2834,0.7119,0.499,0.725,0.675
E336,0.9063,0.9999,0.6086,0.823,0.6086,0.0,0.5789,0.0,0.5211,0.6702,0.5288,0.4552,0.4496,0.2339,0.5838,0.4084,0.641,0.6596
R337,0.9296,0.9999,0.6323,0.8384,0.6324,0.0,0.6316,0.1,0.4149,0.7809,0.412,0.4133,0.5416,0.2406,0.5341,0.4064,0.6342,0.6687
F338,0.9559,1.0,0.6911,0.8733,0.6911,0.0,0.0,0.2,0.6057,0.8835,0.4815,0.534,0.9193,0.4759,0.749,0.5939,0.745,0.7036
E339,0.9711,1.0,0.8249,0.9384,0.8248,0.0,0.8947,0.2,0.6887,0.8773,0.5973,0.4957,0.7249,0.3332,0.6979,0.4158,0.7084,0.7448
M340,0.9659,1.0,0.7551,0.9067,0.755,0.0,0.0,0.1,0.6366,0.8853,0.5319,0.5026,0.9193,0.3062,0.7111,0.4684,0.7197,0.7614
F341,0.9468,1.0,0.6681,0.8602,0.6682,0.0,0.0,0.1,0.4787,0.8821,0.4117,0.4414,0.4788,0.2991,0.6015,0.4799,0.6494,0.7399
R342,0.8235,0.9998,0.4128,0.6619,0.4129,0.0,0.0,0.0,0.2728,0.5471,0.279,0.3527,0.3427,0.2126,0.3742,0.3654,0.56,0.7713
E343,0.924,1.0,0.6389,0.8424,0.6388,0.0,0.6842,0.1,0.4919,0.7962,0.4941,0.4213,0.4327,0.2578,0.567,0.377,0.6455,0.7765
L344,0.924,1.0,0.6389,0.8424,0.6388,0.0,0.0,0.2,0.5638,0.8142,0.5764,0.4196,0.9193,0.3062,0.6791,0.4445,0.6659,0.7946
N345,0.963,1.0,0.7292,0.8938,0.7292,0.0,0.6842,0.1,0.533,0.8708,0.4862,0.462,0.5748,0.3392,0.6012,0.358,0.6958,0.7611
E346,0.9711,1.0,0.8249,0.9384,0.8248,0.0,1.0,0.3,0.7019,0.8796,0.587,0.5029,0.9193,0.3843,0.732,0.4339,0.7484,0.7157
A347,0.9596,1.0,0.7081,0.8826,0.7081,0.0,0.9474,0.2,0.5964,0.8832,0.5535,0.4302,0.5416,0.2783,0.5564,0.3519,0.674,0.6776
L348,0.9974,1.0,0.9486,0.9842,0.9486,0.0,0.0,0.2,0.7925,0.944,0.6753,0.4938,0.9193,0.3062,0.7727,0.5133,0.7725,0.7572
E349,0.9733,1.0,0.8737,0.9579,0.8737,0.0,0.8421,0.1,0.7545,0.8801,0.6288,0.5214,0.8016,0.3574,0.735,0.4336,0.7489,0.8063
L350,0.9733,1.0,0.8737,0.9579,0.8737,0.0,0.0,0.1,0.7377,0.8821,0.6416,0.4769,0.8016,0.2841,0.7471,0.5006,0.7453,0.8953
K351,0.8603,0.9999,0.5283,0.7648,0.5283,0.0,0.5789,0.0,0.4102,0.5423,0.4217,0.391,0.3555,0.2216,0.4936,0.383,0.613,0.965
D352,0.9733,1.0,0.8737,0.9579,0.8737,0.0,1.0,0.3,0.745,0.8796,0.638,0.5933,0.9193,0.3843,0.7737,0.4368,0.7607,0.9367
A353,0.8922,0.9999,0.5896,0.8101,0.5896,0.0,0.0,0.1,0.351,0.6559,0.3536,0.3501,0.8016,0.2711,0.33,0.3143,0.6126,0.9172
Q354,0.6797,0.9994,0.2981,0.5315,0.2982,0.0,0.0,0.0,0.1537,0.0,0.1849,0.3023,0.111,0.2113,0.2109,0.3206,0.4639,0.8456
A355,0.8375,0.9998,0.5038,0.745,0.5038,0.0,0.7368,0.1,0.4292,0.6035,0.4462,0.3745,0.3028,0.2171,0.4527,0.3419,0.5763,0.8603
G356,0.6797,0.9996,0.3111,0.5477,0.311,0.0,0.0,0.0,0.0095,0.3826,0.138,0.2433,0.1215,0.1682,0.0847,0.2926,0.3932,0.8628
K357,0.878,0.9999,0.6079,0.8225,0.6079,0.0,0.6316,0.0,0.5279,0.5391,0.501,0.4343,0.4963,0.2543,0.5794,0.4096,0.6162,0.8433
E358,0.7647,0.9997,0.409,0.6579,0.4089,0.0,0.0,0.0,0.1504,0.118,0.1711,0.2948,0.3258,0.2082,0.2777,0.3306,0.5263,0.8367
P359,0.9296,1.0,0.6589,0.8547,0.6589,0.0,0.7368,0.1,0.4526,0.8214,0.4061,0.492,0.4642,0.2781,0.5829,0.43,0.616,0.8767
G360,0.7879,0.9998,0.4236,0.6725,0.4235,0.0,0.6842,0.0,0.1896,0.5605,0.2723,0.313,0.1809,0.2507,0.3031,0.3577,0.5136,0.8171
G361,0.701,0.9995,0.3118,0.5487,0.3118,0.0,0.5789,0.0,0.1387,0.5461,0.2262,0.2929,0.0777,0.185,0.2613,0.3413,0.4843,0.8563
S362,0.8497,0.9999,0.495,0.7376,0.495,0.0,0.0,0.0,0.2622,0.4705,0.1717,0.3169,0.4327,0.2293,0.1848,0.2994,0.568,0.8725
R363,0.9711,1.0,0.8249,0.9384,0.8248,0.0,0.5789,0.0,0.626,0.8546,0.5406,0.5042,0.7249,0.3104,0.684,0.4584,0.6941,0.9329
A364,0.8375,0.9998,0.4778,0.7229,0.4778,0.0,0.0,0.0,0.2684,0.5537,0.2764,0.2996,0.3523,0.223,0.2349,0.2906,0.5089,0.9985
H365,0.8922,0.9999,0.5876,0.8087,0.5876,0.0,0.0,0.1,0.3476,0.6804,0.2749,0.4186,0.3523,0.273,0.4701,0.3623,0.5688,1.0
S366,0.9431,1.0,0.7857,0.9212,0.7857,0.0,0.8421,0.1,0.6209,0.8103,0.4885,0.4166,0.7785,0.3321,0.4956,0.3287,0.6474,0.945
S367,0.8997,0.9999,0.6221,0.8318,0.6221,0.0,0.5789,0.0,0.4721,0.662,0.4199,0.3701,0.5895,0.2509,0.4122,0.3178,0.6084,0.9226
H368,0.793,0.9998,0.4491,0.697,0.4492,0.0,0.0,0.0,0.2291,0.6443,0.1428,0.3409,0.4487,0.236,0.3108,0.3113,0.5099,0.9204
L369,0.8375,0.9998,0.4778,0.7229,0.4778,0.0,0.0,0.0,0.1677,0.5219,0.2154,0.2653,0.3523,0.1742,0.2239,0.3061,0.4926,0.8825
K370,0.9296,1.0,0.6589,0.8547,0.6589,0.0,0.6316,0.1,0.4648,0.7897,0.4355,0.4115,0.5748,0.2653,0.5257,0.4029,0.653,0.9371
S371,0.7415,0.9996,0.3269,0.5672,0.327,0.0,0.0,0.0,0.2143,0.3927,0.2508,0.3067,0.3758,0.1585,0.214,0.3161,0.4965,0.9259
K372,0.9296,1.0,0.6589,0.8547,0.6589,0.0,0.6842,0.1,0.4862,0.7773,0.4684,0.4172,0.5416,0.2414,0.5038,0.398,0.6395,0.9137
K373,0.924,0.9999,0.6715,0.8622,0.6716,0.0,0.5789,0.0,0.3988,0.7623,0.3781,0.3236,0.4842,0.3404,0.3642,0.2993,0.5713,0.8841
G374,0.9468,1.0,0.7996,0.9274,0.7996,0.0,0.5789,0.0,0.6454,0.7651,0.6234,0.5125,0.6852,0.3245,0.7233,0.4394,0.7029,0.8825
Q375,0.9176,0.9999,0.596,0.8145,0.5959,0.0,0.7368,0.0,0.3893,0.7934,0.3504,0.3957,0.7249,0.274,0.4083,0.3481,0.5759,0.8763
S376,0.9123,0.9999,0.6793,0.8666,0.6792,0.0,0.6842,0.0,0.5557,0.6765,0.4906,0.4175,0.6099,0.2395,0.5171,0.3464,0.6606,0.8028
T377,0.8497,0.9998,0.451,0.6986,0.451,0.0,0.6316,0.0,0.2258,0.6957,0.2658,0.3208,0.1376,0.1668,0.288,0.3351,0.5328,0.8066
S378,0.8997,0.9999,0.5976,0.8156,0.5976,0.0,0.0,0.0,0.4366,0.6456,0.4129,0.38,0.6099,0.2549,0.4276,0.3249,0.6349,0.8296
R379,0.9296,0.9999,0.6323,0.8384,0.6324,0.0,0.0,0.0,0.4086,0.7697,0.3363,0.4039,0.4226,0.2786,0.5297,0.3899,0.6025,0.8167
H380,0.8739,0.9999,0.505,0.746,0.505,0.0,0.0,0.0,0.2192,0.6261,0.1644,0.3699,0.2226,0.2274,0.378,0.3493,0.5093,0.8272
K381,0.8997,0.9999,0.5976,0.8156,0.5976,0.0,0.6842,0.1,0.5413,0.7198,0.5282,0.4417,0.4784,0.2574,0.6026,0.4081,0.6874,0.7898
K382,0.963,1.0,0.7292,0.8938,0.7292,0.0,0.9474,0.3,0.6371,0.8843,0.5728,0.4808,0.9193,0.3565,0.697,0.452,0.7418,0.8406
L383,0.7137,0.9995,0.3271,0.5675,0.3272,0.0,0.0,0.0,0.1726,0.4387,0.2426,0.2864,0.3235,0.1909,0.2739,0.3387,0.487,0.8859
M384,0.9346,1.0,0.6837,0.8691,0.6837,0.0,0.0,0.1,0.6078,0.8241,0.5202,0.4885,0.9193,0.3062,0.6883,0.4632,0.7101,0.8929
F385,0.7647,0.9998,0.4078,0.6569,0.4079,0.0,0.0,0.0,0.2922,0.582,0.2915,0.3518,0.3679,0.2479,0.4185,0.3926,0.5002,0.9541
K386,0.9974,1.0,0.9486,0.9842,0.9486,0.0,0.9474,0.4,0.7925,0.944,0.6428,0.535,0.9193,0.3565,0.7406,0.4767,0.7725,0.8688
T387,0.7364,0.9996,0.3729,0.62,0.3729,0.0,0.6316,0.1,0.1965,0.5679,0.2902,0.2934,0.2416,0.2184,0.1923,0.3057,0.4292,0.8101
E388,0.9686,1.0,0.811,0.9324,0.8109,0.0,0.0,0.0,0.5426,0.8603,0.428,0.4205,0.7031,0.3514,0.5476,0.367,0.6077,0.7753
G389,0.9711,1.0,0.8249,0.9384,0.8248,0.0,0.0,0.1,0.6001,0.8493,0.5326,0.4914,0.7249,0.3458,0.6613,0.4164,0.6957,0.7744
P390,0.8235,0.9998,0.4128,0.6619,0.4129,0.0,0.0,0.0,0.1721,0.5313,0.2005,0.3449,0.1572,0.1887,0.355,0.3397,0.52,0.7389
D391,0.963,1.0,0.786,0.9213,0.786,0.0,1.0,0.3,0.5333,0.8796,0.4594,0.4267,0.8499,0.4511,0.5752,0.3252,0.6521,0.7165
S392,0.9296,1.0,0.7497,0.9041,0.7497,0.0,0.7895,0.1,0.4867,0.8105,0.3963,0.3146,0.7174,0.4067,0.2545,0.2428,0.5732,0.7014
D393,0.9596,1.0,0.7749,0.9162,0.7749,0.0,1.0,0.3,0.4828,0.8796,0.4371,0.3833,0.8295,0.4741,0.5204,0.2925,0.5919,0.7014
