pos,depth
1,1.9146597321691357
2,1.8540039456918431
3,1.854177327174948
4,1.9167697156566306
5,1.8763615086262413
6,1.869579238313099
7,1.836033083654506
8,1.94100007722781
9,1.8695635702235058
10,1.916690138004737
11,1.8702931110704015
12,1.953506177895529
13,1.91679860959328
14,1.9109846821631293
15,1.9010298051395822
16,1.8762138758990716
17,1.8811690503062157
18,1.92613565527021
19,1.932369023116501
20,1.918878830169382
21,1.9014353371014523
22,1.9109964780550426
23,1.9120900414732058
24,1.973753805153721
25,1.9614506334762989
26,2.0951922599204993
27,1.937998912433534
28,1.8689977188616633
29,1.868903449129724
30,1.8608201661997923
31,1.9166910550579568
32,1.9108547251854278
33,1.8697181561326461
34,1.9336472026418083
35,1.9108980761862409
36,1.9166875171714575
37,1.869664321686468
38,1.876194157786721
39,1.8834597085033549
40,1.9146783617001062
41,1.83587173621759
42,1.8357731349601416
43,1.910869944381218
44,1.9146962977450388
45,1.911018452092053
46,1.8695961043662728
47,1.9167499326675959
48,1.835863877851713
49,1.8359799982310436
50,1.9272105447534074
51,1.8540417057017549
52,1.8764178441180863
53,1.897696303728875
54,1.9165402636994577
55,1.888172824998191
56,1.8540003661604958
57,1.8359200401946136
58,1.9229757713048832
59,1.8545162506131785
60,1.9166800931449637
61,1.8358009181901394
62,1.8540472939303934
63,1.8836750687720665
64,1.9201623180655343
65,1.903297678702476
66,1.9146093931993544
67,1.9236034874747672
68,1.8541208213384506
69,1.883481346447947
70,1.8835694497998416
71,1.92623321249798
72,1.9166514099261602
73,1.94489568289283
74,1.8836112211188345
75,1.9321393303269496
76,1.9101258522809506
77,1.9405161382165366
78,1.9082916345600787
79,1.9097558117969249
80,1.939146974891905
81,1.9074721346308023
82,1.9659051715847236
83,1.898781231797431
84,1.902145204322752
85,1.9355555146154773
86,1.915818977774311
87,1.9591944065605824
88,1.9130681696841787
89,1.9579803728984766
90,1.8936425067940292
91,1.9450268729720803
92,1.9551814907033567
93,1.9361463392273812
94,2.152030618923415
95,1.8696482709195106
96,2.0064022453176924
97,2.1028259246658343
98,1.9826293496392253
99,1.9205170950359864
100,2.1979987559865792
101,2.028881157066791
102,2.1281281975487607
103,2.0247610917098893
104,2.209987982052998
105,1.8546865322807238
106,1.8695738564495308
107,2.3015796386781706
108,1.9746403230220664
109,4.800684930930432
110,2.4622502480111796
111,2.406084238884331
112,2.248551306539711
113,2.184867450105876
114,1.9521218986667517
115,1.876523368820541
116,1.8695518275781642
117,2.0953736519097492
118,2.1154151821322236
119,2.139384148813388
120,2.1278286210507074
121,1.869616867533213
122,2.1726927526857596
123,2.4616075173004246
124,2.085228256942107
125,2.437794747204693
126,2.3692109546004447
127,3.064457079471442
128,1.9784393634964843
129,1.907786327327369
130,2.049975892485234
131,2.094059964359358
132,3.4818534774774568
133,3.576588608966312
134,5.189476185355472
135,5.452232328236581
136,2.2666772668984803
137,2.1332512811105184
138,2.2530546516490526
139,2.1424832781410417
140,2.103997820878786
141,3.056840256572385
142,2.521824835444228
143,4.022669702113262
144,3.872718357581708
145,4.743245407662448
146,2.7932192332234727
147,2.737303246888664
148,1.8738198507843722
149,2.000486512119882
150,2.0629127276621193
151,2.5088639557423216
152,1.9263734735451892
153,1.9167215054189615
154,1.8545609807512984
155,2.1706570936624736
156,3.105684733083333
157,3.997804300237106
158,2.509506741224622
159,2.554823002295975
160,2.5968480950917128
161,5.531571183095532
162,5.515589339414831
163,5.0779431857888895
164,2.6687659772391097
165,2.0699226998426874
166,1.8696656805353444
167,1.883820682298504
168,2.596553295650566
169,2.6716205723266357
170,2.82993692606055
171,2.0877875482388983
172,2.281134361269107
173,3.2840430493560744
174,2.128925865833538
175,3.3489819815200557
176,2.6277709938459344
177,1.9853929366208143
178,1.900632250682961
179,2.897128105121715
180,2.5152682811935088
181,1.926849095759032
182,1.90128763749067
183,1.8695134904386115
184,1.8617494256369724
185,2.12658908239253
186,1.8555287541029806
187,1.8545048704610831
188,1.9379740986290996
189,2.085533604643298
190,2.1480868371581936
191,2.8299756226472486
192,2.6132172654837005
193,5.179795495979064
194,6.674539612577874
195,6.423695167874559
196,2.9090901515162217
197,2.6506322023860633
198,1.8764506109964865
199,1.8544831622060722
200,1.8609315229591412
201,2.0913706856545313
202,1.9201912539356543
203,2.592024437058046
204,2.044280256510945
205,2.3100363301536335
206,2.062473505679513
207,2.0586982597214005
208,1.8844621464474085
209,1.903174122918469
210,1.896367035266361
211,2.0913448032296547
212,1.9929416262024149
213,3.343501630234356
214,3.5931111367329978
215,3.4969371391265374
216,5.963434956594752
217,4.341901311281439
218,3.1998960132388
219,2.218496773070031
220,2.086369337826217
221,1.9643426025646498
222,2.27617350616063
223,1.975755917908562
224,1.8655799162891977
225,1.935612403217365
226,1.8544109369948694
227,1.8695256611300952
228,1.855808186415659
229,2.877137532086138
230,2.2212706255796775
231,2.097738283621443
232,2.1872440517970047
233,2.3486080686468793
234,5.133352600325949
235,3.0884934706515956
236,5.702996591552827
237,2.150372463562273
238,3.660913107236434
239,2.8747362358657265
240,2.30351588666664
241,1.8697291139120351
242,2.1155864257162573
243,1.9147985562592726
244,1.8545807860972654
245,1.9276835799283352
246,3.6225222532791097
247,2.5014726811496653
248,1.9570539008698127
249,1.9747259774683892
250,2.206170388112694
251,3.6486858176970385
252,3.7500025724571646
253,5.802137559957909
254,2.7802346990702262
255,3.2681688288198183
256,2.9243594284460586
257,5.196093108238444
258,3.3490519504270173
259,2.1088086006031217
260,1.869694960676027
261,1.899302596847114
262,1.8545842305097968
263,2.0083170619594153
264,1.9778818562769027
265,2.1383484157030765
266,4.198090298015095
267,4.354193769377663
268,3.146494735713638
269,2.527848364432762
270,2.905464444768593
271,2.477568130659251
272,3.5771689479847524
273,2.1542212887679604
274,3.4606062115278737
275,2.164567620511327
276,1.920186759653458
277,2.24746865609516
278,4.556544350056404
279,4.6301056555216284
280,2.0942336260571466
281,1.9626255994039277
282,3.9283929008323906
283,1.9659139322900443
284,2.10160799016687
285,1.9298905699286748
286,1.9447778993707674
287,2.0348723771382407
288,1.945721568901161
289,1.9106812196564915
290,1.9476544204419932
291,1.9788876867026817
292,1.9350508422220085
293,1.879249208195462
294,1.8599844242681989
295,2.036690578008546
296,1.8767489474447885
297,1.8848469575609306
298,1.8540013432255527
299,1.9251182344496593
300,1.959277981473906
301,1.9523470945219863
302,1.8544710275745049
303,1.8696750962471087
304,1.8881573152630464
305,1.9351105560396262
306,1.9031492315899188
307,1.8834690536351055
308,1.9109547575911057
309,1.9167909218211132
310,1.8608504667969812
311,1.8608977848214359
312,1.8880651423052903
313,1.869488927970985
314,1.869619425963343
315,1.8947270794767754
316,1.9168049110769692
317,1.8762490786499857
318,1.9168600710353512
319,1.9570411072085094
320,1.9540635392303929
321,1.9496859261635664
322,1.9592670620435415
323,1.9174626422334855
324,1.8358751019035013
325,1.899626464640925
326,1.8542498770434528
327,1.8978354479451554
328,1.903274283922312
329,1.8882056574353758
330,1.962924727730204
331,1.8763659990703268
332,1.9272560912455365
333,1.9641812127717935
334,1.887195791098625
335,1.9947636811647214
336,1.8760494450678438
337,2.2129535616128932
338,2.654037676387822
339,2.1923373781649587
340,1.9146635969610475
341,1.9104530709470073
342,1.9862228141039198
343,1.9175925305381738
344,2.012974236893314
345,1.9543070555358626
346,1.908159278509551
347,1.8836318892673525
348,2.0385724581150173
349,1.8540643484400217
350,1.974059950560366
351,1.9924736743360212
352,1.9034903113109052
353,2.0000341635853127
354,1.8935475391579586
355,1.8836308150967587
356,1.854707069590522
357,1.9705251842480132
358,1.90901777061603
359,1.9384154001730294
360,1.854672726452642
361,1.854512477785232
362,1.8695901483987596
363,1.912409964231644
364,1.9017583110430993
365,1.87660943133712
366,1.894988467511892
367,1.8695471337794287
368,1.8765502682415776
369,1.9371927951418448
370,1.93518212725031
371,1.8757210736028753
372,1.9351925874788622
373,1.9352869512804167
374,1.8545202077337062
375,1.8762683890483993
376,1.8695770728434644
377,1.888172304110258
378,1.8694553894177828
379,1.9032122242006002
380,1.8764806491652857
381,1.9351045047330024
382,1.9351611234665087
383,1.9282881621082097
384,1.9312759343765515
385,1.903399346296813
386,1.9568004967884778
387,1.9052842289166754
388,1.854036026719346
389,1.8544728749036532
390,1.9166291562904993
391,1.8359210091640814
392,1.869614713431191
393,1.8206693548329258
