res,pos,ASA,SEC_STR,ASA_PER,contact_count,hb_donor,hb_acceptor,all_abs,all_real,sc_abs,sc_real,mc_abs,mc_real,Non_polar_abs,Non_polar_real,polar_abs,polar_real,ASA_PER_AVG
M,1,240.0,Coil,119.94,0,0,0,245.08,126.2,171.03,109.2,74.05,197.4,172.35,109.2,72.73,200.3,113.63
E,2,194.0,Coil,111.05,3,0,0,172.82,100.3,138.03,102.4,34.78,92.7,62.66,103.9,110.16,98.4,107.7725
E,3,192.0,Coil,109.9,0,0,0,171.87,99.8,141.23,104.8,30.64,81.7,62.82,104.2,109.05,97.4,108.838
P,4,128.0,Coil,90.2,0,0,0,130.65,96.0,110.97,92.5,19.68,121.2,112.17,92.7,18.48,121.7,105.498
Q,5,202.0,Coil,113.1,0,0,0,186.16,104.3,157.86,112.0,28.3,75.5,62.44,119.6,123.72,98.0,104.662
S,6,121.0,Coil,103.24,0,0,0,112.15,96.3,87.17,111.6,24.98,65.1,54.13,111.5,58.02,85.4,99.45400000000001
D,7,154.0,Coil,106.87,0,0,0,134.56,95.8,111.21,108.3,23.35,61.9,46.28,94.0,88.28,96.9,100.186
P,8,119.0,Coil,83.86,0,0,0,129.04,94.8,106.67,89.0,22.37,137.8,110.0,90.9,19.05,125.4,95.132
S,9,110.0,Coil,93.86,0,0,0,101.49,87.1,78.22,100.1,23.27,60.6,42.26,87.0,59.24,87.2,95.89200000000001
V,10,135.0,Coil,87.83,4,0,0,138.62,91.5,110.88,97.0,27.73,74.6,112.81,97.7,25.8,71.7,89.6
E,11,187.0,Coil,107.04,0,0,0,169.71,98.5,143.14,106.2,26.58,70.9,65.17,108.1,104.54,93.4,89.318
P,12,107.0,Coil,75.41,0,0,0,107.15,78.7,92.53,77.2,14.62,90.1,92.82,76.7,14.33,94.4,86.92999999999999
P,13,117.0,Coil,82.45,0,0,0,122.92,90.3,114.8,95.7,8.12,50.0,115.18,95.2,7.74,50.9,79.09
L,14,150.0,Coil,81.92,0,0,0,154.87,86.7,124.26,88.1,30.61,81.6,124.73,87.6,30.14,83.0,79.182
S,15,57.0,Coil,48.63,0,2,3,57.01,48.9,51.44,65.9,5.57,14.5,44.38,91.4,12.63,18.6,83.332
Q,16,192.0,Coil,107.5,0,0,0,178.35,99.9,156.23,110.8,22.12,59.0,64.19,122.9,114.16,90.4,75.78200000000001
E,17,168.0,Coil,96.16,0,0,0,152.17,88.3,138.08,102.5,14.09,37.6,63.53,105.4,88.64,79.2,71.854
T,18,62.0,Coil,44.7,0,3,3,65.57,47.1,63.7,62.6,1.88,5.0,63.74,84.2,1.83,2.9,75.78
F,19,125.0,Helix,62.28,5,0,1,123.96,62.1,122.34,74.5,1.63,4.6,123.3,74.6,0.66,1.9,67.46600000000001
S,20,80.0,Helix,68.26,0,0,0,70.12,60.2,68.02,87.1,2.1,5.5,28.5,58.7,41.62,61.3,58.501999999999995
D,21,95.0,Helix,65.93,0,0,0,83.21,59.3,81.96,79.8,1.25,3.3,33.29,67.6,49.91,54.8,63.86600000000001
L,22,94.0,Helix,51.34,0,1,1,93.53,52.4,90.92,64.4,2.61,6.9,91.93,64.6,1.6,4.4,67.55
W,23,172.0,Helix,71.52,0,1,0,166.93,66.9,159.33,75.4,7.6,20.0,130.62,68.9,36.31,60.8,69.408
K,24,166.0,Helix,80.7,0,0,0,162.58,81.0,136.56,83.6,26.02,69.4,98.22,84.3,64.36,76.4,67.58200000000001
L,25,142.0,Coil,77.55,0,1,0,140.84,78.8,117.04,82.9,23.81,63.5,119.27,83.8,21.58,59.4,73.38199999999999
L,26,104.0,Coil,56.8,0,0,0,106.12,59.4,97.69,69.2,8.44,22.5,98.54,69.2,7.59,20.9,81.05799999999999
P,27,114.0,Coil,80.34,0,0,0,115.57,84.9,100.14,83.5,15.43,95.1,100.21,82.9,15.36,101.1,83.77000000000001
E,28,192.0,Coil,109.9,5,0,0,173.06,100.5,146.5,108.7,26.56,70.8,68.34,113.4,104.72,93.5,91.074
N,29,138.0,Coil,94.26,0,0,0,128.78,89.5,119.97,112.9,8.8,23.3,36.22,78.3,92.56,94.7,96.11
N,30,167.0,Coil,114.07,0,0,0,154.97,107.7,124.69,117.4,30.28,80.3,41.5,89.8,113.48,116.1,97.19200000000001
V,31,126.0,Coil,81.98,0,0,0,128.41,84.8,101.88,89.1,26.53,71.4,103.59,89.7,24.82,69.0,96.884
L,32,157.0,Coil,85.75,0,0,0,161.85,90.6,132.9,94.2,28.95,77.2,134.7,94.7,27.15,74.8,93.958
S,33,127.0,Coil,108.36,0,0,0,116.23,99.8,77.72,99.5,38.51,100.3,45.23,93.2,71.0,104.5,88.40200000000002
P,34,113.0,Coil,79.63,0,0,0,112.21,82.4,94.59,78.9,17.62,108.6,95.51,79.0,16.7,109.9,87.65
L,35,158.0,Coil,86.29,5,0,0,159.87,89.5,118.98,84.3,40.89,109.0,124.88,87.7,34.99,96.3,88.076
P,36,111.0,Coil,78.22,0,0,0,115.12,84.6,89.22,74.4,25.89,159.5,94.79,78.4,20.32,133.8,88.128
S,37,103.0,Coil,87.88,0,0,0,98.13,84.2,84.57,108.3,13.57,35.3,61.41,126.5,36.72,54.0,89.262
Q,38,194.0,Coil,108.62,0,0,0,178.39,99.9,139.85,99.2,38.54,102.8,50.1,95.9,128.29,101.6,87.49600000000001
A,39,94.0,Coil,85.3,0,0,0,95.32,88.3,52.98,76.3,42.33,109.8,56.79,79.6,38.52,105.3,92.67
M,40,155.0,Coil,77.46,0,0,0,164.57,84.8,153.34,97.9,11.23,29.9,153.46,97.2,11.12,30.6,97.44000000000001
D,41,150.0,Coil,104.09,0,0,0,134.93,96.1,104.36,101.6,30.58,81.1,44.13,89.6,90.8,99.6,91.882
D,42,161.0,Coil,111.73,0,0,0,140.34,100.0,108.49,105.6,31.85,84.5,38.55,78.3,101.79,111.7,93.212
L,43,148.0,Coil,80.83,0,0,0,151.09,84.6,125.96,89.3,25.13,67.0,129.14,90.7,21.95,60.4,95.52399999999999
M,44,184.0,Coil,91.95,5,0,0,186.5,96.1,163.14,104.1,23.36,62.3,163.97,103.9,22.53,62.0,88.52799999999999
L,45,163.0,Coil,89.02,0,0,0,167.02,93.5,133.5,94.6,33.52,89.4,135.97,95.5,31.05,85.5,81.826
S,46,81.0,Coil,69.11,0,1,1,79.29,68.1,61.04,78.1,18.25,47.5,44.8,92.3,34.48,50.7,83.97999999999999
P,47,111.0,Coil,78.22,0,0,0,118.98,87.4,102.3,85.3,16.68,102.8,103.85,85.9,15.13,99.6,88.49
D,48,132.0,Coil,91.6,0,1,1,121.3,86.4,101.91,99.2,19.39,51.4,43.4,88.1,77.9,85.5,86.57799999999999
D,49,165.0,Coil,114.5,0,0,0,146.7,104.5,119.38,116.2,27.32,72.5,44.91,91.2,101.78,111.7,93.93599999999999
I,50,147.0,Coil,79.46,5,0,0,151.18,86.3,137.85,99.9,13.33,35.9,139.07,99.9,12.12,33.7,99.00800000000001
E,51,185.0,Coil,105.9,0,0,0,166.34,96.6,140.57,104.3,25.77,68.7,64.48,106.9,101.87,91.0,101.644
Q,52,185.0,Coil,103.58,0,0,0,171.54,96.1,150.08,106.5,21.45,57.2,54.36,104.1,117.18,92.8,97.47800000000001
W,53,252.0,Coil,104.78,0,0,0,241.88,97.0,217.34,102.9,24.54,64.4,189.33,99.8,52.55,88.0,99.034
F,54,188.0,Coil,93.67,0,0,1,188.19,94.3,173.79,105.9,14.4,40.7,174.57,105.6,13.62,39.8,99.72
T,55,121.0,Coil,87.24,0,1,0,117.19,84.1,78.64,77.3,38.55,102.6,57.66,76.1,59.53,93.7,101.488
E,56,191.0,Coil,109.33,0,0,0,170.55,99.0,123.25,91.5,47.3,126.1,58.9,97.7,111.65,99.7,97.16400000000002
D,57,162.0,Coil,112.42,0,0,0,140.26,99.9,112.83,109.9,27.42,72.7,47.51,96.5,92.74,101.7,96.982
P,58,118.0,Coil,83.16,5,0,0,124.3,91.3,96.14,80.2,28.16,173.5,99.76,82.5,24.54,161.6,97.01199999999999
G,59,73.0,Coil,92.76,0,0,0,71.91,89.8,23.72,73.4,48.19,100.9,30.59,81.5,41.32,97.1,96.38199999999999
P,60,124.0,Coil,87.39,0,0,0,131.73,96.8,112.96,94.2,18.77,115.6,117.5,97.1,14.23,93.7,94.39
D,61,153.0,Coil,106.18,0,0,1,136.21,97.0,91.91,89.5,44.31,117.5,32.91,66.8,103.3,113.3,94.09200000000001
E,62,179.0,Coil,102.46,0,1,0,166.38,96.6,126.75,94.1,39.62,105.6,52.46,87.0,113.92,101.8,92.172
A,63,90.0,Coil,81.67,0,0,0,92.87,86.0,58.55,84.4,34.32,89.1,62.85,88.0,30.02,82.1,96.87800000000001
P,64,118.0,Coil,83.16,0,0,0,118.99,87.4,101.87,85.0,17.12,105.5,106.37,87.9,12.62,83.1,93.234
R,65,254.0,Coil,110.92,5,0,0,247.11,103.5,203.22,101.0,43.89,117.0,80.33,103.2,166.79,103.6,88.386
M,66,176.0,Coil,87.96,0,0,0,177.1,91.2,147.51,94.2,29.6,78.9,151.84,96.2,25.26,69.6,94.032
P,67,111.0,Coil,78.22,0,0,0,114.39,84.0,92.89,77.5,21.5,132.5,98.48,81.4,15.9,104.7,95.548
E,68,192.0,Coil,109.9,0,0,0,171.18,99.4,130.76,97.0,40.41,107.7,58.08,96.3,113.1,101.0,90.424
A,69,100.0,Coil,90.74,0,0,0,102.21,94.7,59.94,86.4,42.27,109.7,64.25,90.0,37.95,103.8,89.04
A,70,94.0,Coil,85.3,0,0,0,95.48,88.4,58.89,84.8,36.59,94.9,64.01,89.7,31.47,86.0,91.01400000000001
P,71,115.0,Coil,81.04,5,0,0,117.55,86.3,95.95,80.0,21.59,133.0,97.87,80.9,19.67,129.5,88.55199999999999
P,72,125.0,Coil,88.09,0,0,0,127.56,93.7,105.87,88.3,21.68,133.6,107.47,88.9,20.09,132.2,86.374
V,73,150.0,Coil,97.59,0,0,0,150.61,99.5,126.03,110.3,24.59,66.2,126.03,109.1,24.59,68.4,86.792
A,74,88.0,Coil,79.85,0,0,0,87.55,81.1,59.17,85.2,28.39,73.7,60.46,84.7,27.09,74.1,88.006
P,75,124.0,Coil,87.39,0,0,0,126.74,93.1,109.78,91.6,16.96,104.5,110.2,91.1,16.54,108.9,87.866
A,76,96.0,Coil,87.11,0,0,0,95.72,88.7,69.35,99.9,26.36,68.4,69.35,97.2,26.36,72.1,85.952
P,77,124.0,Coil,87.39,0,0,0,128.27,94.2,113.29,94.5,14.99,92.3,113.86,94.1,14.42,94.9,86.316
A,78,97.0,Coil,88.02,5,0,0,100.42,93.0,78.05,112.5,22.36,58.0,78.05,109.3,22.36,61.1,86.316
A,79,90.0,Coil,81.67,0,0,0,92.59,85.8,68.19,98.2,24.39,63.3,68.19,95.5,24.39,66.7,87.20599999999999
P,80,124.0,Coil,87.39,0,0,0,126.4,92.9,111.87,93.3,14.53,89.5,112.2,92.8,14.2,93.5,87.346
T,81,127.0,Coil,91.56,0,0,0,123.37,88.6,109.71,107.9,13.66,36.4,78.13,103.2,45.23,71.2,86.98400000000001
P,82,125.0,Coil,88.09,0,0,0,128.25,94.2,109.68,91.5,18.57,114.4,109.79,90.8,18.46,121.5,86.43999999999998
A,83,95.0,Coil,86.21,0,0,0,97.5,90.3,76.02,109.5,21.48,55.7,76.08,106.6,21.42,58.5,86.862
A,84,87.0,Coil,78.95,0,0,0,87.2,80.8,69.07,99.5,18.13,47.0,69.07,96.8,18.13,49.6,84.158
P,85,127.0,Coil,89.5,0,0,0,129.92,95.4,114.7,95.7,15.22,93.8,114.87,95.0,15.05,99.1,84.018
A,86,86.0,Coil,78.04,0,0,0,85.83,79.5,66.67,96.1,19.16,49.7,66.67,93.4,19.16,52.4,82.566
P,87,124.0,Coil,87.39,5,0,0,126.34,92.8,116.21,96.9,10.14,62.5,116.21,96.1,10.14,66.7,80.024
A,88,87.0,Coil,78.95,0,0,0,89.64,83.0,69.21,99.7,20.43,53.0,69.21,97.0,20.43,55.8,82.26
P,89,94.0,Coil,66.24,0,0,0,97.3,71.5,93.13,77.7,4.17,25.7,93.21,77.1,4.09,26.9,80.622
S,90,118.0,Coil,100.68,0,0,0,110.24,94.6,89.6,114.7,20.63,53.7,57.45,118.3,52.78,77.7,72.16400000000002
W,91,168.0,Coil,69.85,0,0,0,170.36,68.3,156.28,74.0,14.08,37.0,132.89,70.1,37.47,62.8,69.154
P,92,64.0,Coil,45.1,0,0,0,66.64,49.0,64.13,53.5,2.52,15.5,64.14,53.0,2.5,16.5,56.076
L,93,117.0,Coil,63.9,0,0,0,124.26,69.6,104.16,73.8,20.1,53.6,104.16,73.2,20.1,55.3,57.612
S,94,1.0,Coil,0.85,5,3,0,1.51,1.3,0.8,1.0,0.71,1.8,0.8,1.7,0.71,1.0,53.709999999999994
S,95,127.0,Coil,108.36,0,0,0,116.22,99.8,88.74,113.6,27.48,71.6,53.13,109.4,63.09,92.8,52.758
S,96,59.0,Coil,50.34,0,0,3,55.2,47.4,54.89,70.3,0.31,0.8,47.62,98.1,7.58,11.2,45.334
V,97,62.0,Coil,40.34,0,0,0,59.78,39.5,32.81,28.7,26.97,72.6,33.25,28.8,26.53,73.8,55.062
P,98,38.0,Coil,26.78,0,0,0,38.79,28.5,36.46,30.4,2.32,14.3,36.61,30.3,2.18,14.3,42.684000000000005
S,99,58.0,Coil,49.49,0,0,1,54.6,46.9,47.16,60.4,7.43,19.4,36.34,74.9,18.26,26.9,48.076
Q,100,83.0,Coil,46.47,0,0,0,82.41,46.2,72.73,51.6,9.68,25.8,24.08,46.1,58.33,46.2,50.678000000000004
K,101,159.0,Coil,77.3,7,1,2,151.21,75.3,150.49,92.2,0.72,1.9,101.99,87.5,49.22,58.4,54.962
T,102,74.0,Coil,53.35,0,1,0,75.21,54.0,55.62,54.7,19.59,52.1,36.86,48.7,38.35,60.3,57.27
Y,103,103.0,Sheet,48.2,0,1,1,97.95,46.0,97.95,55.2,0.0,0.0,67.58,49.5,30.37,39.8,53.82000000000001
Q,104,109.0,Coil,61.03,0,0,1,100.09,56.1,95.04,67.4,5.05,13.5,19.47,37.3,80.61,63.8,55.936
G,105,23.0,Coil,29.22,0,0,1,23.21,29.0,2.26,7.0,20.96,43.9,7.01,18.7,16.2,38.1,49.852
S,106,103.0,Coil,87.88,0,0,0,101.9,87.5,74.81,95.8,27.09,70.5,40.94,84.3,60.96,89.7,41.482
Y,107,49.0,Coil,22.93,0,0,1,42.29,19.9,42.12,23.7,0.18,0.5,19.65,14.4,22.65,29.7,29.276
G,108,5.0,Coil,6.35,0,1,0,8.56,10.7,6.49,20.1,2.08,4.4,6.49,17.3,2.08,4.9,30.768
F,109,0.0,Coil,0.0,7,1,0,0.52,0.3,0.52,0.3,0.0,0.0,0.52,0.3,0.0,0.0,15.922000000000002
R,110,84.0,Sheet,36.68,0,2,1,91.74,38.4,91.74,45.6,0.0,0.0,38.31,49.2,53.43,33.2,14.386000000000001
L,111,25.0,Sheet,13.65,0,0,0,24.38,13.6,1.93,1.4,22.45,59.8,1.93,1.4,22.45,61.8,15.307999999999998
G,112,12.0,Sheet,15.25,0,1,1,13.94,17.4,13.94,43.1,0.0,0.0,13.94,37.1,0.0,0.0,24.812
F,113,22.0,Coil,10.96,0,0,0,26.57,13.3,11.66,7.1,14.91,42.2,11.66,7.1,14.91,43.6,37.486000000000004
L,114,87.0,Coil,47.52,0,0,0,93.15,52.1,88.47,62.7,4.69,12.5,88.77,62.4,4.38,12.1,42.263999999999996
H,115,182.0,Coil,100.05,6,0,0,179.93,98.4,146.07,99.3,33.85,94.6,103.3,106.3,76.62,89.4,52.174
S,116,44.0,Coil,37.54,0,0,1,40.48,34.7,29.95,38.3,10.53,27.4,15.81,32.6,24.67,36.3,55.318
G,117,51.0,Coil,64.8,0,0,1,49.7,62.1,35.66,110.3,14.05,29.4,35.66,95.0,14.05,33.0,55.07000000000001
T,118,37.0,Coil,26.68,0,0,2,33.45,24.0,27.9,27.4,5.54,14.8,11.78,15.6,21.67,34.1,52.75600000000001
A,119,51.0,Coil,46.28,0,0,1,56.64,52.5,53.64,77.3,3.0,7.8,53.64,75.1,3.0,8.2,62.824
K,120,182.0,Coil,88.48,0,0,0,176.91,88.1,157.37,96.4,19.54,52.1,110.16,94.5,66.75,79.2,53.378
S,121,103.0,Coil,87.88,0,0,0,96.58,82.9,79.25,101.5,17.33,45.1,59.7,123.0,36.88,54.3,56.98199999999999
V,122,27.0,Coil,17.57,0,1,0,27.09,17.9,27.09,23.7,0.0,0.0,27.09,23.5,0.0,0.0,50.576
T,123,62.0,Coil,44.7,0,0,1,57.29,41.1,54.84,53.9,2.45,6.5,31.97,42.2,25.32,39.8,32.879999999999995
C,124,20.0,Sheet,14.25,6,0,0,22.53,16.8,15.0,15.5,7.53,20.1,15.31,15.6,7.22,19.9,18.954
T,125,0.0,Sheet,0.0,0,2,2,0.91,0.7,0.91,0.9,0.0,0.0,0.91,1.2,0.0,0.0,15.440000000000001
Y,126,39.0,Sheet,18.25,0,1,0,34.9,16.4,31.13,17.5,3.77,10.7,19.1,14.0,15.79,20.7,17.212
S,127,0.0,Sheet,0.0,0,2,1,0.0,0.0,0.0,0.0,0.0,0.0,0.0,0.0,0.0,0.0,27.792
P,128,76.0,Coil,53.56,0,0,1,81.23,59.7,62.45,52.1,18.78,115.7,64.01,52.9,17.22,113.4,32.162
A,129,74.0,Coil,67.15,0,0,0,73.4,68.0,48.86,70.4,24.54,63.7,48.86,68.4,24.54,67.1,37.118
L,130,40.0,Coil,21.85,0,0,0,43.27,24.2,27.18,19.3,16.1,42.9,29.93,21.0,13.35,36.7,38.188
N,131,63.0,Coil,43.03,0,2,2,65.72,45.7,64.84,61.0,0.88,2.3,29.29,63.4,36.43,37.3,27.676
K,132,11.0,Sheet,5.35,0,3,1,14.32,7.1,14.32,8.8,0.0,0.0,2.89,2.5,11.43,13.6,14.245999999999999
M,133,2.0,Sheet,1.0,9,1,1,1.63,0.8,1.63,1.0,0.0,0.0,1.63,1.0,0.0,0.0,9.876000000000001
F,134,0.0,Sheet,0.0,0,1,1,0.0,0.0,0.0,0.0,0.0,0.0,0.0,0.0,0.0,0.0,6.981999999999999
C,135,0.0,Sheet,0.0,0,1,1,0.05,0.0,0.05,0.1,0.0,0.0,0.05,0.1,0.0,0.0,12.575999999999999
Q,136,51.0,Coil,28.56,0,2,1,45.14,25.3,45.12,32.0,0.02,0.1,10.24,19.6,34.89,27.6,20.362000000000002
L,137,61.0,Coil,33.32,0,0,0,62.76,35.1,51.36,36.4,11.4,30.4,51.36,36.1,11.4,31.4,29.889999999999997
A,138,44.0,Coil,39.93,0,1,1,44.36,41.1,30.09,43.3,14.27,37.0,30.62,42.9,13.74,37.6,37.244
K,139,98.0,Coil,47.64,0,1,1,93.18,46.4,93.18,57.1,0.0,0.0,45.7,39.2,47.48,56.4,31.532
T,140,51.0,Coil,36.77,10,1,0,52.54,37.7,44.63,43.9,7.91,21.0,27.77,36.7,24.77,39.0,28.814
C,141,0.0,Sheet,0.0,0,2,1,0.0,0.0,0.0,0.0,0.0,0.0,0.0,0.0,0.0,0.0,20.828
P,142,28.0,Sheet,19.73,0,0,0,27.75,20.4,24.88,20.8,2.87,17.7,24.88,20.6,2.87,18.9,15.219999999999999
V,143,0.0,Sheet,0.0,0,1,1,0.0,0.0,0.0,0.0,0.0,0.0,0.0,0.0,0.0,0.0,8.302
Q,144,35.0,Sheet,19.6,0,1,1,30.19,16.9,30.19,21.4,0.0,0.0,0.13,0.3,30.06,23.8,12.957999999999998
L,145,4.0,Sheet,2.18,0,1,1,3.72,2.1,1.35,1.0,2.37,6.3,1.58,1.1,2.14,5.9,11.874
W,146,56.0,Sheet,23.28,0,1,1,63.0,25.3,63.0,29.8,0.0,0.0,61.01,32.2,2.0,3.3,27.142000000000003
V,147,22.0,Coil,14.31,0,0,0,25.3,16.7,8.47,7.4,16.83,45.3,8.47,7.3,16.83,46.8,32.948
D,148,110.0,Coil,76.34,0,1,1,105.67,75.3,72.36,70.5,33.31,88.3,41.93,85.2,63.73,69.9,46.788
S,149,57.0,Coil,48.63,0,0,0,56.29,48.3,55.86,71.5,0.42,1.1,47.88,98.6,8.41,12.4,43.118
T,150,99.0,Coil,71.38,0,0,0,95.58,68.6,72.14,70.9,23.44,62.4,39.96,52.8,55.62,87.5,48.43
P,151,7.0,Coil,4.93,8,0,0,7.95,5.8,0.0,0.0,7.95,49.0,0.16,0.1,7.78,51.2,51.766
P,152,58.0,Coil,40.87,0,0,2,62.19,45.7,59.91,50.0,2.28,14.1,60.04,49.6,2.15,14.2,54.238
P,153,132.0,Coil,93.02,0,0,0,137.28,100.8,118.41,98.8,18.87,116.3,119.75,99.0,17.54,115.4,40.828
G,154,48.0,Coil,60.99,0,0,0,46.39,57.9,30.71,95.0,15.68,32.8,31.11,82.8,15.28,35.9,44.29600000000001
T,155,6.0,Coil,4.33,0,2,1,5.68,4.1,1.5,1.5,4.19,11.1,0.91,1.2,4.77,7.5,36.382000000000005
R,156,51.0,Sheet,22.27,0,2,1,52.17,21.9,52.17,25.9,0.0,0.0,15.63,20.1,36.55,22.7,20.922
V,157,2.0,Sheet,1.3,8,1,1,1.56,1.0,0.41,0.4,1.16,3.1,0.41,0.4,1.16,3.2,8.724
R,158,36.0,Sheet,15.72,0,3,1,38.84,16.3,38.76,19.3,0.07,0.2,14.11,18.1,24.73,15.4,10.556000000000001
A,159,0.0,Sheet,0.0,0,1,1,0.65,0.6,0.0,0.0,0.65,1.7,0.0,0.0,0.65,1.8,7.9159999999999995
M,160,27.0,Sheet,13.49,0,1,1,29.51,15.2,29.48,18.8,0.03,0.1,29.48,18.7,0.03,0.1,7.656000000000001
A,161,10.0,Sheet,9.07,0,0,0,9.42,8.7,3.88,5.6,5.54,14.4,3.88,5.4,5.54,15.1,4.792
I,162,0.0,Sheet,0.0,0,1,1,0.0,0.0,0.0,0.0,0.0,0.0,0.0,0.0,0.0,0.0,14.806000000000001
Y,163,3.0,Sheet,1.4,0,0,0,2.17,1.0,2.17,1.2,0.0,0.0,0.35,0.3,1.82,2.4,20.954
K,164,103.0,Coil,50.07,0,2,0,104.72,52.1,92.19,56.5,12.52,33.4,59.82,51.3,44.9,53.3,36.546
Q,165,79.0,Coil,44.23,9,0,2,76.94,43.1,76.94,54.6,0.0,0.0,26.85,51.4,50.09,39.7,51.44
S,166,102.0,Helix,87.03,0,0,1,96.78,83.1,75.4,96.5,21.38,55.7,47.52,97.9,49.26,72.5,54.678
Q,167,133.0,Helix,74.47,0,0,0,133.83,75.0,111.85,79.3,21.99,58.6,43.41,83.1,90.43,71.6,47.862
H,168,32.0,Helix,17.59,0,2,1,32.38,17.7,32.38,22.0,0.0,0.0,14.34,14.8,18.04,21.0,46.946000000000005
M,169,32.0,Coil,15.99,0,1,1,32.58,16.8,32.58,20.8,0.0,0.0,32.58,20.6,0.0,0.0,36.408
T,170,55.0,Coil,39.65,0,0,1,52.57,37.7,52.57,51.7,0.0,0.0,41.93,55.4,10.64,16.8,23.206
E,171,60.0,Coil,34.34,0,1,1,50.33,29.2,50.33,37.4,0.0,0.0,17.67,29.3,32.66,29.2,20.468
V,172,13.0,Coil,8.46,0,0,0,14.51,9.6,1.6,1.4,12.92,34.8,1.6,1.4,12.92,35.9,20.938000000000006
V,173,6.0,Coil,3.9,8,0,0,5.47,3.6,0.65,0.6,4.83,13.0,0.65,0.6,4.83,13.4,13.620000000000001
R,174,42.0,Coil,18.34,0,0,0,46.71,19.6,45.49,22.6,1.23,3.3,27.1,34.8,19.62,12.2,7.464000000000001
R,175,7.0,Coil,3.06,0,2,0,8.7,3.6,4.63,2.3,4.07,10.9,0.0,0.0,8.7,5.4,13.663999999999998
C,176,5.0,Coil,3.56,0,1,1,4.47,3.3,4.47,4.6,0.0,0.0,4.47,4.6,0.0,0.0,28.826
P,177,56.0,Helix,39.46,0,0,1,62.09,45.6,61.54,51.3,0.55,3.4,62.09,51.3,0.0,0.0,28.456
H,178,145.0,Helix,79.71,0,0,0,139.65,76.4,135.57,92.2,4.08,11.4,85.94,88.5,53.71,62.7,34.712
H,179,30.0,Helix,16.49,0,1,2,30.5,16.7,30.5,20.7,0.0,0.0,14.83,15.3,15.67,18.3,52.602
E,180,60.0,Helix,34.34,0,1,0,63.52,36.9,57.56,42.7,5.96,15.9,18.55,30.8,44.97,40.2,51.548
R,181,213.0,Coil,93.01,0,1,0,204.34,85.6,176.33,87.6,28.01,74.7,77.45,99.5,126.89,78.8,54.036
C,182,48.0,Coil,34.19,0,1,0,53.84,40.1,49.87,51.5,3.96,10.6,50.34,51.4,3.5,9.6,63.924
S,183,108.0,Coil,92.15,0,0,0,105.02,90.1,85.35,109.3,19.68,51.2,52.16,107.4,52.86,77.8,66.61200000000001
D,184,95.0,Coil,65.93,0,0,1,86.74,61.8,80.36,78.3,6.38,16.9,29.69,60.3,57.06,62.6,65.914
S,185,56.0,Coil,47.78,0,0,0,50.79,43.6,31.53,40.4,19.26,50.2,9.87,20.3,40.92,60.2,76.866
D,186,129.0,Coil,89.52,0,0,0,116.38,82.9,95.84,93.3,20.54,54.5,43.17,87.7,73.22,80.3,70.67
G,187,70.0,Coil,88.95,7,0,0,70.63,88.2,35.68,110.4,34.95,73.2,38.16,101.6,32.48,76.3,58.39200000000001
L,188,112.0,Coil,61.17,0,0,0,110.79,62.0,93.71,66.4,17.07,45.5,94.64,66.5,16.15,44.5,53.90999999999999
A,189,5.0,Coil,4.54,0,0,0,6.41,5.9,3.13,4.5,3.28,8.5,4.62,6.5,1.79,4.9,43.616
P,190,36.0,Coil,25.37,0,0,1,38.96,28.6,38.58,32.2,0.38,2.3,38.58,31.9,0.38,2.5,30.194
P,191,54.0,Coil,38.05,0,0,1,57.89,42.5,57.89,48.3,0.0,0.0,57.89,47.9,0.0,0.0,18.18
Q,192,39.0,Coil,21.84,0,2,2,42.85,24.0,42.85,30.4,0.0,0.0,16.19,31.0,26.66,21.1,17.708000000000002
H,193,2.0,Coil,1.1,0,1,0,2.37,1.3,2.37,1.6,0.0,0.0,0.38,0.4,1.99,2.3,13.824000000000002
L,194,4.0,Coil,2.18,0,0,1,4.12,2.3,2.66,1.9,1.46,3.9,2.66,1.9,1.46,4.0,7.0
I,195,11.0,Sheet,5.95,0,0,0,9.78,5.6,7.25,5.3,2.53,6.8,7.25,5.2,2.53,7.0,4.454
R,196,9.0,Sheet,3.93,7,2,1,11.45,4.8,11.45,5.7,0.0,0.0,8.84,11.4,2.61,1.6,14.307999999999998
V,197,14.0,Sheet,9.11,0,1,0,15.47,10.2,2.76,2.4,12.71,34.2,3.11,2.7,12.37,34.4,35.727999999999994
E,198,88.0,Coil,50.37,0,1,2,81.13,47.1,76.59,56.8,4.55,12.1,39.04,64.8,42.1,37.6,38.910000000000004
G,199,86.0,Coil,109.28,0,0,0,85.95,107.3,39.83,123.2,46.12,96.6,43.72,116.4,42.23,99.2,54.946000000000005
N,200,32.0,Coil,21.86,0,0,1,31.53,21.9,26.3,24.8,5.23,13.9,9.92,21.5,21.6,22.1,64.478
L,201,154.0,Coil,84.11,0,0,0,156.37,87.5,128.58,91.1,27.79,74.1,129.09,90.7,27.28,75.1,57.266
R,202,130.0,Coil,56.77,0,2,0,130.36,54.6,127.02,63.1,3.34,8.9,72.22,92.8,58.14,36.1,45.942
V,203,22.0,Coil,14.31,0,0,0,22.38,14.8,5.7,5.0,16.68,44.9,5.7,4.9,16.68,46.4,45.22
E,204,92.0,Sheet,52.66,7,1,2,82.95,48.2,82.95,61.6,0.0,0.0,38.49,63.8,44.46,39.7,34.952000000000005
Y,205,39.0,Sheet,18.25,0,0,1,36.1,17.0,8.89,5.0,27.21,76.9,5.66,4.1,30.43,39.9,33.592
L,206,60.0,Sheet,32.77,0,1,1,66.65,37.3,66.61,47.2,0.04,0.1,66.61,46.8,0.04,0.1,39.751999999999995
D,207,72.0,Sheet,49.97,0,0,1,67.63,48.2,46.84,45.6,20.79,55.1,32.17,65.3,35.45,38.9,48.870000000000005
D,208,65.0,Coil,45.11,0,1,3,58.39,41.6,57.12,55.6,1.27,3.4,18.15,36.9,40.24,44.2,64.61800000000001
R,209,225.0,Coil,98.25,0,0,0,219.95,92.1,201.95,100.4,18.0,48.0,77.1,99.1,142.85,88.7,61.092
N,210,142.0,Coil,96.99,0,1,0,131.93,91.7,111.85,105.3,20.09,53.3,31.35,67.8,100.58,102.9,60.266000000000005
T,211,21.0,Coil,15.14,0,1,2,28.9,20.8,28.9,28.4,0.0,0.0,27.0,35.7,1.9,3.0,51.76800000000001
F,212,92.0,Coil,45.84,6,1,0,88.42,44.3,87.64,53.4,0.78,2.2,87.77,53.1,0.65,1.9,34.536
R,213,6.0,Coil,2.62,0,4,1,5.57,2.3,5.48,2.7,0.09,0.2,5.2,6.7,0.37,0.2,15.991999999999999
H,214,22.0,Sheet,12.09,0,1,0,21.85,11.9,13.08,8.9,8.77,24.5,6.84,7.0,15.02,17.5,13.223999999999998
S,215,5.0,Sheet,4.27,0,1,2,5.62,4.8,5.02,6.4,0.6,1.6,2.78,5.7,2.84,4.2,4.186
V,216,2.0,Sheet,1.3,0,1,1,2.0,1.3,0.54,0.5,1.46,3.9,0.8,0.7,1.2,3.3,4.052
V,217,1.0,Sheet,0.65,0,1,1,0.5,0.3,0.1,0.1,0.4,1.1,0.3,0.3,0.2,0.5,6.286
V,218,3.0,Sheet,1.95,0,1,1,3.33,2.2,3.22,2.8,0.11,0.3,3.22,2.8,0.11,0.3,7.958000000000001
P,219,33.0,Sheet,23.26,6,0,0,39.58,29.1,36.13,30.1,3.45,21.3,36.13,29.9,3.45,22.7,17.314
Y,220,27.0,Coil,12.63,0,1,0,26.14,12.3,9.63,5.4,16.51,46.7,8.73,6.4,17.41,22.8,28.318
E,221,84.0,Coil,48.08,0,0,2,74.52,43.3,73.2,54.3,1.32,3.5,28.06,46.5,46.46,41.5,33.565999999999995
P,222,79.0,Coil,55.67,0,0,0,81.11,59.6,69.94,58.3,11.18,68.9,69.94,57.8,11.18,73.6,47.69
P,223,40.0,Coil,28.19,0,0,0,41.44,30.4,24.55,20.5,16.89,104.1,24.61,20.3,16.83,110.8,65.984
E,224,164.0,Coil,93.88,0,0,1,143.34,83.2,140.38,104.2,2.97,7.9,62.44,103.6,80.91,72.3,78.98600000000002
V,225,160.0,Coil,104.1,0,0,0,164.42,108.6,136.27,119.2,28.15,75.7,136.27,118.0,28.15,78.3,76.896
G,226,89.0,Coil,113.09,0,0,0,87.9,109.7,38.55,119.2,49.35,103.3,45.99,122.5,41.91,98.5,85.554
S,227,53.0,Coil,45.22,0,2,1,52.14,44.8,34.41,44.0,17.73,46.2,27.52,56.7,24.62,36.2,68.06
D,228,103.0,Coil,71.48,5,0,1,88.88,63.3,81.71,79.6,7.17,19.0,44.39,90.1,44.49,48.8,49.980000000000004
C,229,9.0,Coil,6.41,0,2,1,15.56,11.6,9.68,10.0,5.88,15.7,9.68,9.9,5.88,16.2,35.436
T,230,19.0,Sheet,13.7,0,2,1,19.92,14.3,19.92,19.6,0.0,0.0,19.67,26.0,0.25,0.4,28.014
T,231,56.0,Sheet,40.37,0,0,0,53.98,38.8,30.21,29.7,23.77,63.3,18.27,24.1,35.71,56.2,22.294
I,232,15.0,Sheet,8.11,0,1,1,14.09,8.0,14.09,10.2,0.0,0.0,14.09,10.1,0.0,0.0,21.2
H,233,78.0,Sheet,42.88,0,0,1,73.94,40.4,72.81,49.5,1.13,3.2,37.41,38.5,36.53,42.6,20.645999999999997
Y,234,2.0,Sheet,0.94,0,1,1,1.71,0.8,1.71,1.0,0.0,0.0,0.91,0.7,0.8,1.0,12.572
N,235,16.0,Sheet,10.93,0,3,1,15.5,10.8,15.5,14.6,0.0,0.0,6.33,13.7,9.17,9.4,12.65
Y,236,0.0,Sheet,0.0,6,1,2,0.0,0.0,0.0,0.0,0.0,0.0,0.0,0.0,0.0,0.0,4.074
M,237,17.0,Coil,8.5,0,1,1,18.65,9.6,17.62,11.2,1.04,2.8,17.64,11.2,1.02,2.8,9.078
C,238,0.0,Coil,0.0,0,1,3,0.0,0.0,0.0,0.0,0.0,0.0,0.0,0.0,0.0,0.0,8.086
N,239,38.0,Coil,25.96,0,0,2,38.93,27.0,38.93,36.6,0.0,0.0,5.23,11.3,33.7,34.5,19.178
S,240,7.0,Coil,5.97,0,1,2,8.21,7.0,8.05,10.3,0.16,0.4,7.99,16.5,0.21,0.3,20.042
S,241,65.0,Coil,55.46,0,0,0,62.01,53.2,51.64,66.1,10.37,27.0,29.86,61.5,32.15,47.3,35.934000000000005
C,242,18.0,Coil,12.82,0,3,2,19.54,14.5,19.54,20.2,0.0,0.0,19.54,19.9,0.0,0.0,46.751999999999995
M,243,159.0,Coil,79.46,0,0,0,165.35,85.2,150.74,96.2,14.61,39.0,152.26,96.5,13.09,36.0,46.574000000000005
G,244,63.0,Coil,80.05,6,0,0,62.21,77.7,32.72,101.2,29.49,61.7,34.94,93.1,27.26,64.1,35.482
G,245,4.0,Coil,5.08,0,1,1,5.79,7.2,2.86,8.8,2.93,6.1,3.32,8.8,2.46,5.8,44.53
M,246,0.0,Coil,0.0,0,0,2,0.0,0.0,0.0,0.0,0.0,0.0,0.0,0.0,0.0,0.0,46.106
N,247,85.0,Coil,58.06,0,1,0,78.11,54.3,70.65,66.5,7.45,19.8,4.18,9.0,73.93,75.7,33.502
R,248,200.0,Coil,87.34,0,1,0,195.93,82.1,175.53,87.2,20.39,54.4,62.85,80.8,133.08,82.7,37.842
R,249,39.0,Coil,17.03,0,4,0,45.84,19.2,45.4,22.6,0.44,1.2,18.14,23.3,27.7,17.2,37.842
P,250,38.0,Coil,26.78,0,0,1,43.65,32.1,43.49,36.3,0.16,1.0,43.49,36.0,0.16,1.0,27.65
I,251,0.0,Sheet,0.0,5,0,1,0.36,0.2,0.12,0.1,0.24,0.6,0.12,0.1,0.24,0.7,10.182
L,252,13.0,Sheet,7.1,0,1,1,17.03,9.5,17.03,12.1,0.0,0.0,17.03,12.0,0.0,0.0,7.316000000000001
T,253,0.0,Sheet,0.0,0,2,2,0.0,0.0,0.0,0.0,0.0,0.0,0.0,0.0,0.0,0.0,1.9600000000000002
I,254,5.0,Sheet,2.7,0,1,1,6.41,3.7,5.63,4.1,0.78,2.1,5.63,4.0,0.78,2.2,3.978
I,255,0.0,Sheet,0.0,0,1,1,0.0,0.0,0.0,0.0,0.0,0.0,0.0,0.0,0.0,0.0,2.558
T,256,14.0,Sheet,10.09,0,2,1,15.66,11.2,15.66,15.4,0.0,0.0,14.03,18.5,1.64,2.6,4.276
L,257,0.0,Sheet,0.0,0,1,2,0.13,0.1,0.13,0.1,0.0,0.0,0.13,0.1,0.0,0.0,8.872
E,258,15.0,Sheet,8.59,0,1,3,12.29,7.1,12.29,9.1,0.0,0.0,4.43,7.3,7.87,7.0,23.206
D,259,37.0,Coil,25.68,5,1,4,34.51,24.6,34.51,33.6,0.0,0.0,16.33,33.2,18.18,19.9,37.4
S,260,84.0,Coil,71.67,0,0,0,81.67,70.1,55.57,71.1,26.1,68.0,29.14,60.0,52.53,77.3,47.056
S,261,95.0,Coil,81.06,0,1,0,91.1,78.2,59.91,76.7,31.19,81.2,32.77,67.5,58.33,85.8,58.17999999999999
G,262,38.0,Coil,48.28,0,1,0,40.86,51.0,15.54,48.1,25.32,53.0,18.16,48.4,22.7,53.3,60.254000000000005
N,263,94.0,Coil,64.21,0,2,1,86.63,60.2,86.63,81.5,0.0,0.0,27.24,58.9,59.39,60.8,49.306000000000004
L,264,66.0,Sheet,36.05,0,0,0,70.24,39.3,45.52,32.3,24.72,65.9,45.52,32.0,24.72,68.1,33.094
L,265,31.0,Sheet,16.93,5,1,0,34.27,19.2,32.99,23.4,1.28,3.4,32.99,23.2,1.28,3.5,26.932
G,266,0.0,Sheet,0.0,0,1,1,0.0,0.0,0.0,0.0,0.0,0.0,0.0,0.0,0.0,0.0,17.642
R,267,40.0,Sheet,17.47,0,3,1,35.27,14.8,35.27,17.5,0.0,0.0,1.12,1.4,34.14,21.2,12.309999999999999
N,268,26.0,Sheet,17.76,0,1,3,26.01,18.1,25.96,24.4,0.05,0.1,0.92,2.0,25.09,25.7,8.924000000000001
S,269,11.0,Sheet,9.39,0,1,1,11.25,9.7,8.24,10.6,3.01,7.8,0.0,0.0,11.25,16.6,10.642000000000001
F,270,0.0,Sheet,0.0,0,1,1,0.32,0.2,0.32,0.2,0.0,0.0,0.32,0.2,0.0,0.0,7.2780000000000005
E,271,15.0,Sheet,8.59,0,1,3,14.4,8.4,14.01,10.4,0.39,1.0,3.45,5.7,10.95,9.8,10.8
V,272,1.0,Sheet,0.65,5,1,0,1.4,0.9,0.0,0.0,1.4,3.8,0.0,0.0,1.4,3.9,9.181999999999999
R,273,81.0,Sheet,35.37,0,3,1,84.53,35.4,84.53,42.0,0.0,0.0,7.2,9.3,77.33,48.0,10.463999999999999
V,274,2.0,Sheet,1.3,0,1,1,2.1,1.4,0.0,0.0,2.1,5.6,0.0,0.0,2.1,5.8,21.993999999999996
C,275,9.0,Coil,6.41,0,1,0,11.8,8.8,11.69,12.1,0.11,0.3,11.8,12.0,0.0,0.0,29.127999999999997
A,276,73.0,Coil,66.24,0,0,1,78.75,73.0,67.31,97.0,11.44,29.7,67.31,94.3,11.44,31.3,22.053999999999995
C,277,51.0,Coil,36.32,0,0,2,52.1,38.8,51.57,53.3,0.53,1.4,51.87,53.0,0.23,0.6,22.048
P,278,0.0,Helix,0.0,0,0,1,0.14,0.1,0.14,0.1,0.0,0.0,0.14,0.1,0.0,0.0,32.732
G,279,1.0,Helix,1.27,0,0,1,0.81,1.0,0.0,0.0,0.81,1.7,0.0,0.0,0.81,1.9,21.288
R,280,137.0,Helix,59.83,5,3,2,138.72,58.1,137.99,68.6,0.73,1.9,54.61,70.2,84.11,52.3,16.732
D,281,13.0,Helix,9.02,0,1,5,9.52,6.8,9.52,9.3,0.0,0.0,7.23,14.7,2.29,2.5,25.377999999999997
R,282,31.0,Helix,13.54,0,4,1,29.32,12.3,29.32,14.6,0.0,0.0,0.0,0.0,29.32,18.2,31.611999999999995
R,283,99.0,Helix,43.23,0,3,1,103.1,43.2,99.14,49.3,3.96,10.6,59.61,76.6,43.49,27.0,24.683999999999997
T,284,45.0,Helix,32.44,0,2,1,48.32,34.7,48.31,47.5,0.01,0.0,39.79,52.6,8.53,13.4,28.375999999999998
E,285,44.0,Helix,25.19,0,1,2,42.09,24.4,39.8,29.5,2.29,6.1,27.78,46.1,14.31,12.8,29.903999999999996
E,286,48.0,Helix,27.48,0,1,3,43.07,25.0,38.06,28.2,5.01,13.4,23.0,38.2,20.06,17.9,31.639999999999997
E,287,37.0,Helix,21.18,5,1,3,33.38,19.4,32.32,24.0,1.07,2.8,17.93,29.7,15.46,13.8,33.672
N,288,76.0,Helix,51.91,0,1,1,68.88,47.9,62.42,58.8,6.46,17.1,26.46,57.2,42.42,43.4,39.376
L,289,78.0,Helix,42.6,0,1,0,79.02,44.2,74.6,52.9,4.42,11.8,74.73,52.5,4.29,11.8,40.2
R,290,123.0,Helix,53.71,0,4,2,127.67,53.5,126.96,63.1,0.72,1.9,56.83,73.1,70.84,44.0,49.382
K,291,65.0,Helix,31.6,0,3,0,67.53,33.6,47.74,29.2,19.79,52.8,48.97,42.0,18.56,22.0,55.51800000000001
K,292,138.0,Helix,67.09,0,1,0,135.04,67.2,118.4,72.5,16.64,44.4,72.23,62.0,62.8,74.6,58.56
G,293,65.0,Helix,82.59,5,1,0,62.88,78.5,32.07,99.2,30.81,64.5,38.31,102.0,24.58,57.8,56.98
E,294,101.0,Coil,57.81,0,1,1,93.87,54.5,83.6,62.0,10.27,27.4,34.54,57.3,59.33,53.0,67.152
P,295,65.0,Coil,45.81,0,0,0,65.26,47.9,63.02,52.6,2.24,13.8,63.07,52.1,2.19,14.4,72.206
H,296,150.0,Coil,82.46,0,0,0,148.35,81.1,133.62,90.8,14.73,41.2,94.21,97.0,54.14,63.2,76.41
H,297,168.0,Coil,92.36,0,0,0,167.2,91.4,149.8,101.9,17.4,48.6,97.11,100.0,70.09,81.8,81.56
E,298,181.0,Coil,103.61,0,0,0,160.78,93.3,137.78,102.3,23.01,61.3,60.29,100.0,100.49,89.8,88.748
L,299,153.0,Coil,83.56,0,0,0,157.8,88.3,147.51,104.5,10.28,27.4,147.51,103.7,10.28,28.3,90.43799999999999
P,300,116.0,Coil,81.75,0,0,0,120.12,88.2,102.75,85.7,17.37,107.0,102.8,85.0,17.32,114.0,88.992
P,301,129.0,Coil,90.91,0,0,0,132.83,97.6,112.16,93.5,20.67,127.4,113.52,93.9,19.31,127.1,89.09
G,302,67.0,Coil,85.13,5,0,0,70.07,87.5,29.95,92.6,40.12,84.0,32.76,87.2,37.31,87.7,91.7
S,303,122.0,Coil,104.1,0,0,0,119.64,102.7,88.76,113.6,30.88,80.4,56.31,116.0,63.33,93.2,95.184
T,304,134.0,Coil,96.61,0,0,0,128.24,92.1,99.27,97.6,28.96,77.1,77.99,103.0,50.24,79.1,97.352
K,305,204.0,Coil,99.17,0,0,0,196.21,97.7,174.15,106.6,22.05,58.8,126.23,108.3,69.97,83.1,96.66
R,306,233.0,Coil,101.75,0,0,0,224.11,93.9,190.65,94.7,33.47,89.2,79.15,101.7,144.96,90.1,93.536
A,307,90.0,Coil,81.67,5,0,0,89.96,83.3,45.05,64.9,44.91,116.5,49.56,69.4,40.4,110.4,90.56400000000001
L,308,162.0,Coil,88.48,0,0,0,165.22,92.5,127.58,90.4,37.64,100.4,130.9,92.0,34.32,94.5,91.632
P,309,116.0,Coil,81.75,0,0,0,123.23,90.5,108.97,90.9,14.26,87.9,110.2,91.1,13.03,85.8,90.408
N,310,153.0,Coil,104.51,0,0,0,147.14,102.2,109.41,103.0,37.73,100.1,34.82,75.3,112.32,114.9,92.098
N,311,140.0,Coil,95.63,0,0,0,133.87,93.0,109.29,102.9,24.57,65.2,26.87,58.1,107.0,109.5,91.978
T,312,125.0,Coil,90.12,0,0,0,120.62,86.6,80.65,79.3,39.97,106.4,70.5,93.1,50.12,78.9,94.74
S,313,103.0,Coil,87.88,0,0,1,98.08,84.2,67.73,86.7,30.35,79.0,50.88,104.8,47.2,69.5,93.292
S,314,112.0,Coil,95.56,0,1,0,104.31,89.5,72.16,92.4,32.15,83.7,46.25,95.3,58.06,85.4,90.51599999999999
S,315,114.0,Coil,97.27,5,0,0,108.2,92.9,77.06,98.7,31.14,81.1,55.48,114.3,52.72,77.6,91.64
P,316,116.0,Coil,81.75,0,0,0,120.97,88.9,99.45,82.9,21.53,132.6,102.6,84.8,18.37,120.9,91.964
Q,317,171.0,Coil,95.74,0,0,0,156.87,87.9,142.95,101.4,13.92,37.1,52.08,99.7,104.79,83.0,91.90799999999999
P,318,127.0,Coil,89.5,0,0,0,130.17,95.6,116.78,97.4,13.39,82.5,117.07,96.8,13.1,86.2,92.484
K,319,196.0,Coil,95.28,0,0,0,190.28,94.8,176.35,108.0,13.93,37.1,127.68,109.5,62.6,74.3,94.80199999999999
K,320,206.0,Coil,100.15,0,0,0,199.22,99.2,178.34,109.2,20.88,55.7,129.67,111.2,69.55,82.6,88.61999999999999
K,321,192.0,Coil,93.34,0,0,0,184.54,91.9,165.88,101.6,18.66,49.8,116.98,100.4,67.56,80.2,84.592
P,322,92.0,Coil,64.83,0,0,0,95.75,70.3,81.92,68.3,13.83,85.2,81.99,67.8,13.76,90.6,84.55
L,323,127.0,Coil,69.36,5,0,1,134.55,75.3,131.77,93.4,2.78,7.4,131.96,92.7,2.59,7.1,74.686
D,324,137.0,Coil,95.07,0,0,0,126.09,89.8,97.74,95.2,28.35,75.2,36.77,74.7,89.33,98.0,68.038
G,325,40.0,Coil,50.83,0,0,0,39.79,49.7,18.34,56.7,21.45,44.9,24.6,65.5,15.19,35.7,68.456
E,326,105.0,Coil,60.1,0,1,0,92.95,54.0,81.9,60.8,11.05,29.5,34.23,56.8,58.72,52.4,68.934
Y,327,143.0,Coil,66.92,0,0,0,149.72,70.4,125.7,70.9,24.02,67.9,116.44,85.3,33.29,43.6,70.108
F,328,144.0,Coil,71.75,0,0,0,145.41,72.9,116.84,71.2,28.57,80.8,118.3,71.6,27.1,79.2,73.37800000000001
T,329,140.0,Coil,100.94,0,0,0,133.22,95.7,101.62,99.9,31.6,84.1,68.75,90.8,64.46,101.4,82.634
L,330,123.0,Coil,67.18,0,0,0,125.85,70.5,104.32,73.9,21.53,57.4,104.32,73.3,21.53,59.3,74.65599999999999
Q,331,190.0,Coil,106.38,5,0,0,174.57,97.8,149.5,106.0,25.07,66.8,54.35,104.1,120.22,95.2,78.90799999999999
I,332,50.0,Coil,27.03,0,0,0,49.47,28.2,19.61,14.2,29.86,80.4,22.17,15.9,27.29,75.9,69.902
R,333,213.0,Coil,93.01,0,0,0,204.38,85.6,198.76,98.8,5.62,15.0,73.87,94.9,130.51,81.1,73.58400000000002
G,334,44.0,Coil,55.91,0,0,1,43.36,54.1,31.84,98.5,11.52,24.1,34.84,92.8,8.53,20.0,71.08399999999999
R,335,196.0,Helix,85.59,0,0,1,193.02,80.8,182.73,90.8,10.29,27.4,72.91,93.7,120.11,74.6,77.032
E,336,164.0,Helix,93.88,0,0,1,142.97,83.0,140.67,104.4,2.3,6.1,63.93,106.0,79.04,70.6,68.09599999999999
R,337,130.0,Helix,56.77,0,0,1,123.03,51.5,121.88,60.6,1.14,3.1,33.61,43.2,89.42,55.5,63.898
F,338,97.0,Helix,48.33,0,1,1,93.0,46.6,93.0,56.7,0.0,0.0,93.0,56.3,0.0,0.0,58.474000000000004
E,339,61.0,Helix,34.92,5,1,3,57.75,33.5,55.98,41.5,1.77,4.7,38.96,64.6,18.79,16.8,49.464
M,340,117.0,Helix,58.47,0,1,1,122.15,62.9,116.57,74.4,5.57,14.9,117.84,74.7,4.31,11.9,46.668
F,341,98.0,Helix,48.83,0,1,1,94.74,47.5,90.19,55.0,4.56,12.9,91.61,55.4,3.13,9.1,52.342
R,342,98.0,Helix,42.79,0,3,1,103.24,43.2,102.42,50.9,0.81,2.2,41.62,53.5,61.61,38.3,55.95400000000001
E,343,134.0,Helix,76.7,0,1,1,118.97,69.1,118.17,87.7,0.8,2.1,47.92,79.5,71.04,63.5,55.872
L,344,97.0,Helix,52.98,0,1,1,99.92,55.9,99.2,70.3,0.72,1.9,99.2,69.7,0.72,2.0,58.012
N,345,85.0,Helix,58.06,0,2,1,77.42,53.8,77.12,72.6,0.3,0.8,18.79,40.6,58.63,60.0,59.436
E,346,104.0,Helix,59.53,0,1,1,95.3,55.3,90.27,67.0,5.02,13.4,46.11,76.5,49.19,43.9,53.272000000000006
A,347,55.0,Helix,49.91,5,1,1,54.84,50.8,48.26,69.5,6.57,17.1,49.63,69.5,5.21,14.2,54.124
L,348,84.0,Helix,45.88,0,1,1,92.19,51.6,91.99,65.2,0.2,0.5,92.01,64.7,0.18,0.5,53.872
E,349,100.0,Helix,57.24,0,1,2,98.1,56.9,92.32,68.5,5.78,15.4,44.42,73.7,53.67,47.9,55.092
L,350,104.0,Helix,56.8,0,1,1,107.75,60.3,107.18,75.9,0.57,1.5,107.18,75.3,0.57,1.6,58.99000000000001
K,351,135.0,Helix,65.63,0,1,2,131.78,65.6,131.26,80.4,0.51,1.4,85.53,73.4,46.24,54.9,53.443999999999996
D,352,100.0,Helix,69.4,0,1,1,87.79,62.5,83.24,81.1,4.55,12.1,31.18,63.3,56.61,62.1,55.657999999999994
A,353,20.0,Helix,18.15,0,1,1,25.27,23.4,22.82,32.9,2.45,6.4,24.01,33.6,1.27,3.5,56.09400000000001
Q,354,122.0,Helix,68.31,0,2,1,110.33,61.8,106.43,75.5,3.9,10.4,40.45,77.5,69.88,55.3,57.708000000000006
A,355,65.0,Helix,58.98,5,1,0,67.16,62.2,51.54,74.3,15.62,40.5,53.47,74.9,13.69,37.4,55.69
G,356,58.0,Coil,73.7,0,0,0,60.52,75.6,26.47,81.9,34.05,71.3,27.99,74.5,32.52,76.4,67.97200000000001
K,357,122.0,Coil,59.31,0,1,0,122.31,60.9,102.4,62.7,19.92,53.1,81.16,69.6,41.16,48.9,68.546
E,358,139.0,Coil,79.56,0,0,0,126.0,73.2,106.36,78.9,19.65,52.4,49.44,82.0,76.56,68.4,79.876
P,359,101.0,Coil,71.18,0,0,0,108.51,79.7,106.29,88.6,2.22,13.7,106.29,87.9,2.22,14.6,82.67
G,360,91.0,Coil,115.63,0,0,0,91.23,113.9,42.43,131.2,48.8,102.2,47.49,126.5,43.75,102.8,87.872
G,361,69.0,Coil,87.67,6,0,1,70.59,88.1,33.62,104.0,36.98,77.4,35.68,95.0,34.91,82.0,93.00800000000001
S,362,100.0,Coil,85.32,0,1,0,97.02,83.3,66.5,85.1,30.52,79.5,37.13,76.5,59.89,88.1,96.376
R,363,241.0,Coil,105.24,0,0,1,234.02,98.0,213.89,106.3,20.13,53.7,88.22,113.4,145.81,90.6,93.152
A,364,97.0,Coil,88.02,0,0,0,98.34,91.1,72.89,105.0,25.45,66.0,72.89,102.1,25.44,69.6,93.024
H,365,181.0,Coil,99.51,0,1,1,178.37,97.5,153.01,104.0,25.36,70.8,99.92,102.8,78.45,91.5,93.708
S,366,102.0,Coil,87.03,0,0,0,99.54,85.4,82.47,105.6,17.07,44.4,53.65,110.5,45.89,67.5,90.362
S,367,104.0,Coil,88.74,0,1,0,99.04,85.0,82.2,105.2,16.84,43.8,51.57,106.2,47.47,69.9,91.328
H,368,161.0,Coil,88.51,6,0,1,160.08,87.5,139.07,94.6,21.0,58.7,102.85,105.9,57.23,66.8,89.122
L,369,170.0,Coil,92.85,0,0,0,175.65,98.3,152.8,108.3,22.84,60.9,152.8,107.4,22.84,62.9,93.048
K,370,182.0,Coil,88.48,0,1,0,177.57,88.4,150.63,92.2,26.94,71.8,103.85,89.1,73.72,87.5,95.718
S,371,125.0,Coil,106.66,0,0,0,114.56,98.3,89.65,114.8,24.91,64.9,54.58,112.4,59.98,88.3,98.43400000000001
K,372,210.0,Coil,102.09,0,0,0,198.81,99.0,161.07,98.6,37.74,100.6,115.26,98.9,83.54,99.2,98.41600000000001
K,373,210.0,Coil,102.09,0,0,0,197.76,98.5,176.67,108.2,21.09,56.2,128.71,110.4,69.05,82.0,103.11600000000001
G,374,73.0,Coil,92.76,0,0,0,72.09,90.0,28.52,88.2,43.58,91.2,32.55,86.7,39.55,92.9,98.50800000000001
Q,375,200.0,Coil,111.98,0,0,0,188.4,105.5,143.66,101.9,44.73,119.3,53.42,102.3,134.98,106.9,95.97
S,376,98.0,Coil,83.62,6,0,1,90.54,77.7,71.94,92.1,18.61,48.5,52.81,108.8,37.73,55.5,91.934
T,377,124.0,Coil,89.4,0,1,0,123.15,88.4,81.18,79.8,41.97,111.7,57.63,76.1,65.53,103.1,92.684
S,378,96.0,Coil,81.91,0,0,0,92.23,79.2,51.78,66.3,40.45,105.4,41.99,86.5,50.24,73.9,90.298
R,379,221.0,Coil,96.51,0,0,0,214.94,90.0,173.99,86.5,40.94,109.2,58.18,74.8,156.75,97.4,95.062
H,380,182.0,Coil,100.05,0,0,0,175.22,95.8,145.19,98.7,30.03,83.9,89.35,92.0,85.88,100.2,97.016
K,381,221.0,Coil,107.44,0,0,0,212.59,105.9,165.47,101.3,47.12,125.6,121.45,104.2,91.14,108.2,96.144
K,382,204.0,Coil,99.17,0,0,0,194.41,96.8,172.02,105.3,22.4,59.7,125.13,107.3,69.28,82.2,95.232
L,383,142.0,Coil,77.55,0,0,0,148.29,83.0,125.22,88.7,23.07,61.5,125.22,88.0,23.07,63.5,92.462
M,384,184.0,Coil,91.95,7,0,0,187.94,96.8,153.74,98.1,34.19,91.2,153.74,97.4,34.19,94.1,87.79400000000001
F,385,173.0,Coil,86.2,0,0,0,173.09,86.8,152.8,93.1,20.3,57.4,153.48,92.9,19.61,57.3,86.56199999999998
K,386,173.0,Coil,84.1,0,0,0,170.65,85.0,143.56,87.9,27.09,72.2,103.32,88.6,67.32,79.9,89.25399999999999
T,387,129.0,Coil,93.01,0,0,0,126.97,91.2,97.97,96.3,29.0,77.2,72.62,95.9,54.35,85.5,88.90799999999999
E,388,159.0,Coil,91.01,0,0,0,143.69,83.4,117.89,87.5,25.8,68.8,58.33,96.8,85.36,76.2,89.85
G,389,71.0,Coil,90.22,0,0,0,69.57,86.9,25.96,80.3,43.61,91.3,32.11,85.5,37.46,88.0,94.82
P,390,129.0,Coil,90.91,0,0,0,135.24,99.3,109.56,91.4,25.67,158.2,113.74,94.0,21.49,141.5,96.184
D,391,157.0,Coil,108.95,0,0,1,138.85,98.9,112.18,109.2,26.67,70.7,38.41,78.0,100.43,110.2,111.292
S,392,117.0,Coil,99.83,7,1,0,109.33,93.8,66.43,85.0,42.91,111.7,44.7,92.1,64.63,95.1,116.56
D,393,240.0,Coil,166.55,0,0,0,213.61,152.2,116.89,113.8,96.72,256.6,52.87,107.4,160.74,176.3,125.11000000000001
